timestamp,building,temperature,occupancy,energy_consumption
2026-07-09 21:08:39,Main Building,33.4,4,19.3
2026-07-09 22:08:39,Main Building,35.7,3,17.53
2026-07-09 23:08:39,Main Building,36.4,8,17.06
2026-07-10 00:08:39,Main Building,35.3,2,17.07
2026-07-10 01:08:39,Main Building,35.2,0,14.55
2026-07-10 02:08:39,Main Building,34.1,0,18.63
2026-07-10 03:08:39,Main Building,33.5,0,20.93
2026-07-10 04:08:39,Main Building,34.2,5,15.15
2026-07-10 05:08:39,Main Building,33.2,5,15.7
2026-07-10 06:08:39,Main Building,34.0,1,17.42
2026-07-10 07:08:39,Main Building,31.8,14,17.97
2026-07-10 08:08:39,Main Building,30.3,9,15.56
2026-07-10 09:08:39,Main Building,31.5,50,62.36
2026-07-10 10:08:39,Main Building,30.7,78,82.26
2026-07-10 11:08:39,Main Building,29.6,88,76.81
2026-07-10 12:08:39,Main Building,28.3,67,76.39
2026-07-10 13:08:39,Main Building,29.5,61,72.12
2026-07-10 14:08:39,Main Building,28.4,91,86.36
2026-07-10 15:08:39,Main Building,30.6,99,87.5
2026-07-10 16:08:39,Main Building,28.9,96,91.68
2026-07-10 17:08:39,Main Building,29.1,84,75.67
2026-07-10 18:08:39,Main Building,28.6,9,20.71
2026-07-10 19:08:39,Main Building,31.0,10,18.72
2026-07-10 20:08:39,Main Building,31.0,6,21.08
2026-07-10 21:08:39,Main Building,32.7,12,12.76
2026-07-10 22:08:39,Main Building,34.7,5,17.4
2026-07-10 23:08:39,Main Building,34.2,0,17.56
2026-07-11 00:08:39,Main Building,35.1,17,16.48
2026-07-11 01:08:39,Main Building,33.6,7,17.92
2026-07-11 02:08:39,Main Building,35.4,7,93.47
2026-07-11 03:08:39,Main Building,35.0,14,16.3
2026-07-11 04:08:39,Main Building,34.0,8,15.54
2026-07-11 05:08:39,Main Building,34.5,11,17.01
2026-07-11 06:08:39,Main Building,33.1,2,16.58
2026-07-11 07:08:39,Main Building,32.2,5,16.84
2026-07-11 08:08:39,Main Building,32.5,19,17.17
2026-07-11 09:08:39,Main Building,31.5,9,22.16
2026-07-11 10:08:39,Main Building,30.4,10,30.93
2026-07-11 11:08:39,Main Building,29.5,11,25.93
2026-07-11 12:08:39,Main Building,27.6,15,27.5
2026-07-11 13:08:39,Main Building,30.2,5,28.81
2026-07-11 14:08:39,Main Building,26.8,12,30.38
2026-07-11 15:08:39,Main Building,27.5,7,26.2
2026-07-11 16:08:39,Main Building,28.6,2,26.14
2026-07-11 17:08:39,Main Building,28.2,12,24.16
2026-07-11 18:08:39,Main Building,32.8,6,16.68
2026-07-11 19:08:39,Main Building,32.4,3,17.23
2026-07-11 20:08:39,Main Building,33.9,1,17.18
2026-07-11 21:08:39,Main Building,33.1,13,15.76
2026-07-11 22:08:39,Main Building,31.4,12,17.3
2026-07-11 23:08:39,Main Building,34.4,11,16.32
2026-07-12 00:08:39,Main Building,34.9,11,16.29
2026-07-12 01:08:39,Main Building,37.6,12,15.81
2026-07-12 02:08:39,Main Building,35.9,5,17.79
2026-07-12 03:08:39,Main Building,36.6,5,17.96
2026-07-12 04:08:39,Main Building,35.1,14,18.9
2026-07-12 05:08:39,Main Building,33.7,6,16.11
2026-07-12 06:08:39,Main Building,32.2,9,17.34
2026-07-12 07:08:39,Main Building,33.1,14,17.01
2026-07-12 08:08:39,Main Building,34.1,8,19.72
2026-07-12 09:08:39,Main Building,32.1,5,23.86
2026-07-12 10:08:39,Main Building,31.2,8,27.43
2026-07-12 11:08:39,Main Building,30.5,9,24.31
2026-07-12 12:08:39,Main Building,27.1,7,27.71
2026-07-12 13:08:39,Main Building,29.4,3,26.35
2026-07-12 14:08:39,Main Building,29.5,5,26.31
2026-07-12 15:08:39,Main Building,29.1,4,26.72
2026-07-12 16:08:39,Main Building,30.2,15,28.11
2026-07-12 17:08:39,Main Building,27.7,5,27.03
2026-07-12 18:08:39,Main Building,31.2,12,20.85
2026-07-12 19:08:39,Main Building,32.0,15,17.95
2026-07-12 20:08:39,Main Building,32.9,8,17.76
2026-07-12 21:08:39,Main Building,31.5,8,16.51
2026-07-12 22:08:39,Main Building,33.6,21,15.13
2026-07-12 23:08:39,Main Building,35.1,1,16.53
2026-07-13 00:08:39,Main Building,36.2,5,15.84
2026-07-13 01:08:39,Main Building,33.8,8,16.54
2026-07-13 02:08:39,Main Building,35.3,5,16.7
2026-07-13 03:08:39,Main Building,38.0,8,13.95
2026-07-13 04:08:39,Main Building,34.8,1,19.7
2026-07-13 05:08:39,Main Building,32.9,4,19.01
2026-07-13 06:08:39,Main Building,34.7,0,17.33
2026-07-13 07:08:39,Main Building,32.0,1,21.53
2026-07-13 08:08:39,Main Building,32.5,0,19.84
2026-07-13 09:08:39,Main Building,34.3,65,74.5
2026-07-13 10:08:39,Main Building,29.7,81,77.36
2026-07-13 11:08:39,Main Building,30.5,93,83.87
2026-07-13 12:08:39,Main Building,29.2,53,60.78
2026-07-13 13:08:39,Main Building,28.7,63,78.06
2026-07-13 14:08:39,Main Building,26.8,92,81.25
2026-07-13 15:08:39,Main Building,31.2,87,92.72
2026-07-13 16:08:39,Main Building,29.3,90,86.91
2026-07-13 17:08:39,Main Building,30.1,81,82.05
2026-07-13 18:08:39,Main Building,29.9,5,19.32
2026-07-13 19:08:39,Main Building,33.5,0,22.27
2026-07-13 20:08:39,Main Building,29.0,4,19.18
2026-07-13 21:08:39,Main Building,33.1,1,17.58
2026-07-13 22:08:39,Main Building,32.7,2,19.7
2026-07-13 23:08:39,Main Building,34.6,1,19.8
2026-07-14 00:08:39,Main Building,35.0,9,19.26
2026-07-14 01:08:39,Main Building,33.6,2,19.49
2026-07-14 02:08:39,Main Building,35.8,4,18.23
2026-07-14 03:08:39,Main Building,36.7,2,19.09
2026-07-14 04:08:39,Main Building,34.2,3,20.2
2026-07-14 05:08:39,Main Building,35.3,9,20.61
2026-07-14 06:08:39,Main Building,33.5,8,17.38
2026-07-14 07:08:39,Main Building,33.2,4,18.19
2026-07-14 08:08:39,Main Building,32.8,0,22.18
2026-07-14 09:08:39,Main Building,29.6,53,72.49
2026-07-14 10:08:39,Main Building,31.6,78,86.34
2026-07-14 11:08:39,Main Building,29.8,85,83.48
2026-07-14 12:08:39,Main Building,28.3,74,73.86
2026-07-14 13:08:39,Main Building,27.8,68,72.66
2026-07-14 14:08:39,Main Building,28.1,90,83.42
2026-07-14 15:08:39,Main Building,29.4,92,83.44
2026-07-14 16:08:39,Main Building,29.7,87,76.86
2026-07-14 17:08:39,Main Building,28.7,83,81.45
2026-07-14 18:08:39,Main Building,32.6,9,17.68
2026-07-14 19:08:39,Main Building,31.1,0,17.96
2026-07-14 20:08:39,Main Building,31.5,6,16.35
2026-07-14 21:08:39,Main Building,33.5,12,17.78
2026-07-14 22:08:39,Main Building,34.0,8,17.2
2026-07-14 23:08:39,Main Building,34.4,5,18.2
2026-07-15 00:08:39,Main Building,33.4,5,19.0
2026-07-15 01:08:39,Main Building,37.0,9,22.31
2026-07-15 02:08:39,Main Building,33.8,9,18.37
2026-07-15 03:08:39,Main Building,38.1,0,16.32
2026-07-15 04:08:39,Main Building,33.6,0,16.95
2026-07-15 05:08:39,Main Building,32.9,5,18.68
2026-07-15 06:08:39,Main Building,36.2,9,16.85
2026-07-15 07:08:39,Main Building,31.4,7,15.36
2026-07-15 08:08:39,Main Building,34.7,10,17.06
2026-07-15 09:08:39,Main Building,28.6,66,70.63
2026-07-15 10:08:39,Main Building,32.3,67,76.1
2026-07-15 11:08:39,Main Building,29.8,90,83.35
2026-07-15 12:08:39,Main Building,30.3,64,72.89
2026-07-15 13:08:39,Main Building,29.2,72,78.96
2026-07-15 14:08:39,Main Building,27.2,87,85.29
2026-07-15 15:08:39,Main Building,29.5,91,93.26
2026-07-15 16:08:39,Main Building,29.5,100,90.34
2026-07-15 17:08:39,Main Building,32.9,93,92.06
2026-07-15 18:08:39,Main Building,31.9,8,20.74
2026-07-15 19:08:39,Main Building,29.7,8,20.12
2026-07-15 20:08:39,Main Building,29.3,0,13.92
2026-07-15 21:08:39,Main Building,32.3,8,21.0
2026-07-15 22:08:39,Main Building,33.5,13,15.24
2026-07-15 23:08:39,Main Building,31.5,4,18.77
2026-07-16 00:08:39,Main Building,34.5,0,80.19
2026-07-16 01:08:39,Main Building,32.9,8,84.28
2026-07-16 02:08:39,Main Building,33.5,2,15.88
2026-07-16 03:08:39,Main Building,34.7,9,16.03
2026-07-16 04:08:39,Main Building,35.3,2,16.41
2026-07-16 05:08:39,Main Building,33.9,0,16.89
2026-07-16 06:08:39,Main Building,31.6,14,18.07
2026-07-16 07:08:39,Main Building,31.7,6,17.78
2026-07-16 08:08:39,Main Building,31.6,8,19.52
2026-07-16 09:08:39,Main Building,30.4,57,68.92
2026-07-16 10:08:39,Main Building,27.0,67,75.33
2026-07-16 11:08:39,Main Building,32.3,88,92.48
2026-07-16 12:08:39,Main Building,29.8,85,88.7
2026-07-16 13:08:39,Main Building,28.8,65,63.07
2026-07-16 14:08:39,Main Building,29.2,91,77.79
2026-07-16 15:08:39,Main Building,28.1,89,90.14
2026-07-16 16:08:39,Main Building,30.7,94,96.8
2026-07-16 17:08:39,Main Building,29.9,80,88.42
2026-07-16 18:08:39,Main Building,31.2,0,17.62
2026-07-16 19:08:39,Main Building,29.8,0,19.85
2026-07-16 20:08:39,Main Building,34.8,0,19.13
2026-07-16 21:08:39,Main Building,31.7,2,16.82
2026-07-16 22:08:39,Main Building,32.1,5,73.53
2026-07-16 23:08:39,Main Building,34.5,4,78.84
2026-07-17 00:08:39,Main Building,33.2,2,19.51
2026-07-17 01:08:39,Main Building,35.6,0,18.2
2026-07-17 02:08:39,Main Building,36.1,0,19.09
2026-07-17 03:08:39,Main Building,33.8,7,16.47
2026-07-17 04:08:39,Main Building,31.8,0,18.1
2026-07-17 05:08:39,Main Building,34.4,0,19.28
2026-07-17 06:08:39,Main Building,30.9,4,15.58
2026-07-17 07:08:39,Main Building,31.7,5,16.28
2026-07-17 08:08:39,Main Building,31.4,10,16.85
2026-07-17 09:08:39,Main Building,32.4,54,75.45
2026-07-17 10:08:39,Main Building,32.6,62,73.22
2026-07-17 11:08:39,Main Building,30.7,88,88.26
2026-07-17 12:08:39,Main Building,28.4,70,72.02
2026-07-17 13:08:39,Main Building,30.8,71,79.79
2026-07-17 14:08:39,Main Building,28.3,92,81.44
2026-07-17 15:08:39,Main Building,29.6,92,87.65
2026-07-17 16:08:39,Main Building,32.4,99,93.67
2026-07-17 17:08:39,Main Building,31.6,82,75.01
2026-07-17 18:08:39,Main Building,28.9,0,17.3
2026-07-17 19:08:39,Main Building,31.2,13,18.65
2026-07-17 20:08:39,Main Building,31.6,9,13.58
2026-07-17 21:08:39,Main Building,33.1,8,15.04
2026-07-17 22:08:39,Main Building,35.1,6,17.17
2026-07-17 23:08:39,Main Building,35.0,16,18.36
2026-07-18 00:08:39,Main Building,34.9,7,16.15
2026-07-18 01:08:39,Main Building,36.1,5,17.07
2026-07-18 02:08:39,Main Building,34.2,12,17.33
2026-07-18 03:08:39,Main Building,36.4,7,16.73
2026-07-18 04:08:39,Main Building,33.1,7,17.38
2026-07-18 05:08:39,Main Building,35.2,5,17.87
2026-07-18 06:08:39,Main Building,35.5,12,18.88
2026-07-18 07:08:39,Main Building,31.5,3,15.22
2026-07-18 08:08:39,Main Building,34.2,13,16.94
2026-07-18 09:08:39,Main Building,31.6,4,30.89
2026-07-18 10:08:39,Main Building,30.6,10,27.45
2026-07-18 11:08:39,Main Building,30.5,11,24.42
2026-07-18 12:08:39,Main Building,30.0,19,28.69
2026-07-18 13:08:39,Main Building,31.4,7,24.02
2026-07-18 14:08:39,Main Building,28.7,10,28.19
2026-07-18 15:08:39,Main Building,26.5,17,25.68
2026-07-18 16:08:39,Main Building,28.7,4,22.69
2026-07-18 17:08:39,Main Building,31.0,10,23.42
2026-07-18 18:08:39,Main Building,28.5,8,18.67
2026-07-18 19:08:39,Main Building,30.8,2,16.75
2026-07-18 20:08:39,Main Building,31.5,0,16.95
2026-07-18 21:08:39,Main Building,32.4,13,18.85
2026-07-18 22:08:39,Main Building,35.1,8,15.89
2026-07-18 23:08:39,Main Building,37.9,10,17.01
2026-07-19 00:08:39,Main Building,34.5,10,16.86
2026-07-19 01:08:39,Main Building,34.0,7,16.97
2026-07-19 02:08:39,Main Building,34.1,6,17.11
2026-07-19 03:08:39,Main Building,34.4,17,14.35
2026-07-19 04:08:39,Main Building,36.2,16,14.93
2026-07-19 05:08:39,Main Building,33.5,8,15.59
2026-07-19 06:08:39,Main Building,32.3,4,18.75
2026-07-19 07:08:39,Main Building,34.1,16,17.72
2026-07-19 08:08:39,Main Building,30.2,7,17.49
2026-07-19 09:08:39,Main Building,29.3,13,25.52
2026-07-19 10:08:39,Main Building,29.9,13,26.89
2026-07-19 11:08:39,Main Building,29.3,15,23.84
2026-07-19 12:08:39,Main Building,30.3,12,25.38
2026-07-19 13:08:39,Main Building,29.5,3,27.85
2026-07-19 14:08:39,Main Building,28.7,7,28.1
2026-07-19 15:08:39,Main Building,28.0,2,22.89
2026-07-19 16:08:39,Main Building,30.2,3,29.51
2026-07-19 17:08:39,Main Building,26.7,18,26.42
2026-07-19 18:08:39,Main Building,30.3,7,17.4
2026-07-19 19:08:39,Main Building,31.1,15,17.11
2026-07-19 20:08:39,Main Building,32.2,8,16.94
2026-07-19 21:08:39,Main Building,33.2,1,15.65
2026-07-19 22:08:39,Main Building,34.5,10,16.82
2026-07-19 23:08:39,Main Building,34.1,11,16.46
2026-07-20 00:08:39,Main Building,33.4,5,16.04
2026-07-20 01:08:39,Main Building,35.4,0,20.06
2026-07-20 02:08:39,Main Building,35.6,6,19.97
2026-07-20 03:08:39,Main Building,37.3,10,14.32
2026-07-20 04:08:39,Main Building,32.6,1,18.05
2026-07-20 05:08:39,Main Building,34.8,1,18.37
2026-07-20 06:08:39,Main Building,32.3,1,15.19
2026-07-20 07:08:39,Main Building,31.3,0,16.05
2026-07-20 08:08:39,Main Building,33.5,0,23.26
2026-07-20 09:08:39,Main Building,31.9,60,70.51
2026-07-20 10:08:39,Main Building,31.5,72,80.61
2026-07-20 11:08:39,Main Building,33.6,89,98.45
2026-07-20 12:08:39,Main Building,28.3,69,80.95
2026-07-20 13:08:39,Main Building,28.1,79,80.24
2026-07-20 14:08:39,Main Building,28.1,98,91.06
2026-07-20 15:08:39,Main Building,30.0,87,80.86
2026-07-20 16:08:39,Main Building,29.0,94,89.1
2026-07-20 17:08:39,Main Building,30.1,78,82.1
2026-07-20 18:08:39,Main Building,31.3,7,20.16
2026-07-20 19:08:39,Main Building,32.4,7,17.86
2026-07-20 20:08:39,Main Building,29.4,7,18.42
2026-07-20 21:08:39,Main Building,33.1,0,15.84
2026-07-20 22:08:39,Main Building,35.0,4,19.36
2026-07-20 23:08:39,Main Building,34.1,5,19.88
2026-07-21 00:08:39,Main Building,33.8,5,17.08
2026-07-21 01:08:39,Main Building,34.2,3,18.44
2026-07-21 02:08:39,Main Building,34.2,11,16.21
2026-07-21 03:08:39,Main Building,34.5,2,20.89
2026-07-21 04:08:39,Main Building,34.8,10,15.03
2026-07-21 05:08:39,Main Building,34.5,9,18.16
2026-07-21 06:08:39,Main Building,35.0,2,20.82
2026-07-21 07:08:39,Main Building,36.2,3,17.11
2026-07-21 08:08:39,Main Building,34.1,12,16.95
2026-07-21 09:08:39,Main Building,30.5,58,64.28
2026-07-21 10:08:39,Main Building,29.1,69,69.86
2026-07-21 11:08:39,Main Building,29.8,91,93.85
2026-07-21 12:08:39,Main Building,27.8,74,72.53
2026-07-21 13:08:39,Main Building,29.0,73,69.89
2026-07-21 14:08:39,Main Building,29.5,95,89.96
2026-07-21 15:08:39,Main Building,29.5,107,90.31
2026-07-21 16:08:39,Main Building,28.5,91,80.72
2026-07-21 17:08:39,Main Building,28.9,90,90.9
2026-07-21 18:08:39,Main Building,29.6,0,18.94
2026-07-21 19:08:39,Main Building,30.3,8,18.41
2026-07-21 20:08:39,Main Building,29.7,12,21.59
2026-07-21 21:08:39,Main Building,31.8,3,18.57
2026-07-21 22:08:39,Main Building,33.9,8,22.02
2026-07-21 23:08:39,Main Building,33.8,1,15.24
2026-07-22 00:08:39,Main Building,33.4,4,21.59
2026-07-22 01:08:39,Main Building,34.0,6,17.97
2026-07-22 02:08:39,Main Building,36.7,17,16.94
2026-07-22 03:08:39,Main Building,34.1,10,19.36
2026-07-22 04:08:39,Main Building,37.3,7,17.28
2026-07-22 05:08:39,Main Building,34.9,10,19.64
2026-07-22 06:08:39,Main Building,34.2,10,20.34
2026-07-22 07:08:39,Main Building,34.8,8,17.67
2026-07-22 08:08:39,Main Building,32.1,11,16.37
2026-07-22 09:08:39,Main Building,31.7,58,235.33
2026-07-22 10:08:39,Main Building,32.3,75,83.33
2026-07-22 11:08:39,Main Building,27.8,93,86.33
2026-07-22 12:08:39,Main Building,32.6,68,81.3
2026-07-22 13:08:39,Main Building,29.4,77,77.82
2026-07-22 14:08:39,Main Building,29.3,98,89.53
2026-07-22 15:08:39,Main Building,28.4,95,90.67
2026-07-22 16:08:39,Main Building,27.8,95,80.6
2026-07-22 17:08:39,Main Building,31.6,77,79.91
2026-07-22 18:08:39,Main Building,31.0,12,17.87
2026-07-22 19:08:39,Main Building,30.3,14,15.1
2026-07-22 20:08:39,Main Building,28.6,7,17.0
2026-07-22 21:08:39,Main Building,31.2,8,18.49
2026-07-22 22:08:39,Main Building,32.6,0,19.74
2026-07-22 23:08:39,Main Building,35.0,4,21.69
2026-07-23 00:08:39,Main Building,32.9,0,16.62
2026-07-23 01:08:39,Main Building,34.8,6,17.52
2026-07-23 02:08:39,Main Building,35.5,0,20.89
2026-07-23 03:08:39,Main Building,34.7,10,18.69
2026-07-23 04:08:39,Main Building,35.2,7,18.9
2026-07-23 05:08:39,Main Building,35.0,11,18.39
2026-07-23 06:08:39,Main Building,34.5,4,20.88
2026-07-23 07:08:39,Main Building,31.7,14,17.92
2026-07-23 08:08:39,Main Building,29.8,5,16.64
2026-07-23 09:08:39,Main Building,32.4,56,71.57
2026-07-23 10:08:39,Main Building,27.6,72,60.08
2026-07-23 11:08:39,Main Building,27.4,93,86.23
2026-07-23 12:08:39,Main Building,30.0,65,73.26
2026-07-23 13:08:39,Main Building,29.0,64,78.52
2026-07-23 14:08:39,Main Building,30.2,93,88.03
2026-07-23 15:08:39,Main Building,29.3,84,80.36
2026-07-23 16:08:39,Main Building,28.3,89,80.69
2026-07-23 17:08:39,Main Building,32.5,88,87.14
2026-07-23 18:08:39,Main Building,31.3,11,19.85
2026-07-23 19:08:39,Main Building,31.2,1,19.4
2026-07-23 20:08:39,Main Building,32.5,9,19.27
2026-07-23 21:08:39,Main Building,34.3,2,20.63
2026-07-23 22:08:39,Main Building,33.7,15,16.62
2026-07-23 23:08:39,Main Building,36.7,5,16.7
2026-07-24 00:08:39,Main Building,33.8,3,18.85
2026-07-24 01:08:39,Main Building,35.6,2,17.95
2026-07-24 02:08:39,Main Building,38.1,13,18.87
2026-07-24 03:08:39,Main Building,34.9,5,19.23
2026-07-24 04:08:39,Main Building,33.0,3,14.66
2026-07-24 05:08:39,Main Building,34.6,8,17.03
2026-07-24 06:08:39,Main Building,35.8,0,15.07
2026-07-24 07:08:39,Main Building,33.0,10,21.37
2026-07-24 08:08:39,Main Building,31.2,10,17.92
2026-07-24 09:08:39,Main Building,30.9,64,78.06
2026-07-24 10:08:39,Main Building,28.1,82,85.1
2026-07-24 11:08:39,Main Building,28.9,91,86.77
2026-07-24 12:08:39,Main Building,29.7,67,70.54
2026-07-24 13:08:39,Main Building,29.0,75,79.22
2026-07-24 14:08:39,Main Building,28.4,98,72.56
2026-07-24 15:08:39,Main Building,30.8,86,83.79
2026-07-24 16:08:39,Main Building,27.7,88,86.2
2026-07-24 17:08:39,Main Building,29.1,86,81.97
2026-07-24 18:08:39,Main Building,31.1,5,15.43
2026-07-24 19:08:39,Main Building,32.6,2,14.89
2026-07-24 20:08:39,Main Building,31.3,12,19.7
2026-07-24 21:08:39,Main Building,32.2,3,17.36
2026-07-24 22:08:39,Main Building,36.5,6,18.86
2026-07-24 23:08:39,Main Building,35.6,6,17.48
2026-07-25 00:08:39,Main Building,34.2,9,16.96
2026-07-25 01:08:39,Main Building,35.9,10,17.73
2026-07-25 02:08:39,Main Building,34.8,10,15.0
2026-07-25 03:08:39,Main Building,36.2,11,18.0
2026-07-25 04:08:39,Main Building,30.2,20,16.86
2026-07-25 05:08:39,Main Building,35.7,4,17.61
2026-07-25 06:08:39,Main Building,31.8,6,18.91
2026-07-25 07:08:39,Main Building,32.4,11,17.87
2026-07-25 08:08:39,Main Building,32.7,10,17.36
2026-07-25 09:08:39,Main Building,34.8,9,26.4
2026-07-25 10:08:39,Main Building,32.0,15,28.37
2026-07-25 11:08:39,Main Building,30.8,4,29.27
2026-07-25 12:08:39,Main Building,27.6,11,24.49
2026-07-25 13:08:39,Main Building,28.9,11,26.64
2026-07-25 14:08:39,Main Building,29.6,18,26.91
2026-07-25 15:08:39,Main Building,28.7,14,28.38
2026-07-25 16:08:39,Main Building,27.5,12,27.4
2026-07-25 17:08:39,Main Building,29.4,16,25.7
2026-07-25 18:08:39,Main Building,30.6,9,17.02
2026-07-25 19:08:39,Main Building,29.5,2,18.59
2026-07-25 20:08:39,Main Building,30.7,5,14.85
2026-07-25 21:08:39,Main Building,31.7,3,18.64
2026-07-25 22:08:39,Main Building,34.9,6,19.25
2026-07-25 23:08:39,Main Building,35.5,8,14.5
2026-07-26 00:08:39,Main Building,38.0,3,15.35
2026-07-26 01:08:39,Main Building,36.4,22,18.38
2026-07-26 02:08:39,Main Building,35.8,12,17.85
2026-07-26 03:08:39,Main Building,36.0,11,17.1
2026-07-26 04:08:39,Main Building,34.4,6,16.72
2026-07-26 05:08:39,Main Building,31.5,9,16.01
2026-07-26 06:08:39,Main Building,31.8,10,18.39
2026-07-26 07:08:39,Main Building,34.1,2,16.01
2026-07-26 08:08:39,Main Building,33.3,5,16.78
2026-07-26 09:08:39,Main Building,32.0,5,26.21
2026-07-26 10:08:39,Main Building,28.4,6,26.64
2026-07-26 11:08:39,Main Building,27.4,12,25.96
2026-07-26 12:08:39,Main Building,30.2,11,28.73
2026-07-26 13:08:39,Main Building,29.2,7,26.24
2026-07-26 14:08:39,Main Building,29.7,10,26.08
2026-07-26 15:08:39,Main Building,28.0,6,23.19
2026-07-26 16:08:39,Main Building,32.0,3,24.61
2026-07-26 17:08:39,Main Building,28.7,14,25.41
2026-07-26 18:08:39,Main Building,32.3,6,17.28
2026-07-26 19:08:39,Main Building,29.9,20,15.81
2026-07-26 20:08:39,Main Building,32.4,13,17.41
2026-07-26 21:08:39,Main Building,32.4,9,17.04
2026-07-26 22:08:39,Main Building,33.2,14,19.21
2026-07-26 23:08:39,Main Building,33.2,3,16.91
2026-07-27 00:08:39,Main Building,38.4,0,21.28
2026-07-27 01:08:39,Main Building,37.3,2,19.14
2026-07-27 02:08:39,Main Building,37.4,3,17.59
2026-07-27 03:08:39,Main Building,34.0,0,16.7
2026-07-27 04:08:39,Main Building,32.7,5,16.46
2026-07-27 05:08:39,Main Building,34.4,0,18.66
2026-07-27 06:08:39,Main Building,34.7,0,18.75
2026-07-27 07:08:39,Main Building,34.5,0,21.35
2026-07-27 08:08:39,Main Building,32.6,1,17.89
2026-07-27 09:08:39,Main Building,32.0,60,77.69
2026-07-27 10:08:39,Main Building,29.0,75,69.43
2026-07-27 11:08:39,Main Building,29.6,85,79.02
2026-07-27 12:08:39,Main Building,31.2,75,83.95
2026-07-27 13:08:39,Main Building,27.4,68,75.87
2026-07-27 14:08:39,Main Building,29.1,106,94.17
2026-07-27 15:08:39,Main Building,29.3,93,86.77
2026-07-27 16:08:39,Main Building,29.1,98,92.98
2026-07-27 17:08:39,Main Building,28.6,78,68.02
2026-07-27 18:08:39,Main Building,31.2,0,13.69
2026-07-27 19:08:39,Main Building,31.7,17,17.99
2026-07-27 20:08:39,Main Building,33.2,5,17.8
2026-07-27 21:08:39,Main Building,34.1,3,18.53
2026-07-27 22:08:39,Main Building,33.9,1,19.98
2026-07-27 23:08:39,Main Building,33.8,1,19.07
2026-07-28 00:08:39,Main Building,33.2,5,17.98
2026-07-28 01:08:39,Main Building,36.5,7,17.95
2026-07-28 02:08:39,Main Building,36.2,11,19.12
2026-07-28 03:08:39,Main Building,34.8,0,15.87
2026-07-28 04:08:39,Main Building,34.1,1,17.63
2026-07-28 05:08:39,Main Building,34.1,7,17.86
2026-07-28 06:08:39,Main Building,34.2,5,14.05
2026-07-28 07:08:39,Main Building,31.3,4,15.58
2026-07-28 08:08:39,Main Building,32.8,12,20.44
2026-07-28 09:08:39,Main Building,30.8,67,76.84
2026-07-28 10:08:39,Main Building,29.9,71,74.79
2026-07-28 11:08:39,Main Building,29.2,90,85.2
2026-07-28 12:08:39,Main Building,29.3,72,81.55
2026-07-28 13:08:39,Main Building,30.5,62,60.23
2026-07-28 14:08:39,Main Building,30.3,88,84.48
2026-07-28 15:08:39,Main Building,27.3,85,80.81
2026-07-28 16:08:39,Main Building,30.5,92,75.04
2026-07-28 17:08:39,Main Building,29.0,86,74.61
2026-07-28 18:08:39,Main Building,30.7,4,19.16
2026-07-28 19:08:39,Main Building,31.3,0,20.39
2026-07-28 20:08:39,Main Building,31.7,4,16.13
2026-07-28 21:08:39,Main Building,32.0,0,17.65
2026-07-28 22:08:39,Main Building,36.0,0,14.77
2026-07-28 23:08:39,Main Building,36.3,3,16.66
2026-07-29 00:08:39,Main Building,36.1,1,21.65
2026-07-29 01:08:39,Main Building,35.8,2,22.31
2026-07-29 02:08:39,Main Building,34.0,8,18.6
2026-07-29 03:08:39,Main Building,36.8,12,18.06
2026-07-29 04:08:39,Main Building,33.4,7,16.64
2026-07-29 05:08:39,Main Building,37.1,5,17.27
2026-07-29 06:08:39,Main Building,33.7,0,16.06
2026-07-29 07:08:39,Main Building,34.5,1,15.91
2026-07-29 08:08:39,Main Building,32.7,10,19.44
2026-07-29 09:08:39,Main Building,32.6,56,67.09
2026-07-29 10:08:39,Main Building,32.7,73,81.65
2026-07-29 11:08:39,Main Building,31.8,92,92.88
2026-07-29 12:08:39,Main Building,32.6,66,83.84
2026-07-29 13:08:39,Main Building,29.1,71,82.34
2026-07-29 14:08:39,Main Building,29.7,97,94.26
2026-07-29 15:08:39,Main Building,28.5,90,77.78
2026-07-29 16:08:39,Main Building,26.4,105,80.78
2026-07-29 17:08:39,Main Building,29.5,83,83.04
2026-07-29 18:08:39,Main Building,31.7,9,16.83
2026-07-29 19:08:39,Main Building,30.9,6,17.5
2026-07-29 20:08:39,Main Building,34.3,7,19.47
2026-07-29 21:08:39,Main Building,33.7,10,18.36
2026-07-29 22:08:39,Main Building,31.5,6,16.7
2026-07-29 23:08:39,Main Building,33.3,7,20.48
2026-07-30 00:08:39,Main Building,34.6,6,21.4
2026-07-30 01:08:39,Main Building,35.2,18,19.13
2026-07-30 02:08:39,Main Building,32.3,8,18.76
2026-07-30 03:08:39,Main Building,36.8,8,17.72
2026-07-30 04:08:39,Main Building,32.7,3,16.3
2026-07-30 05:08:39,Main Building,33.2,7,21.34
2026-07-30 06:08:39,Main Building,34.0,0,18.89
2026-07-30 07:08:39,Main Building,34.5,1,17.73
2026-07-30 08:08:39,Main Building,32.0,1,19.3
2026-07-30 09:08:39,Main Building,31.0,62,69.56
2026-07-30 10:08:39,Main Building,29.8,78,77.74
2026-07-30 11:08:39,Main Building,32.4,88,90.92
2026-07-30 12:08:39,Main Building,30.7,62,64.6
2026-07-30 13:08:39,Main Building,26.7,76,69.64
2026-07-30 14:08:39,Main Building,32.8,92,93.52
2026-07-30 15:08:39,Main Building,31.3,105,106.41
2026-07-30 16:08:39,Main Building,31.1,100,96.16
2026-07-30 17:08:39,Main Building,31.0,82,79.91
2026-07-30 18:08:39,Main Building,30.4,4,64.72
2026-07-30 19:08:39,Main Building,32.2,9,76.14
2026-07-30 20:08:39,Main Building,34.1,0,81.67
2026-07-30 21:08:39,Main Building,31.6,0,92.03
2026-07-30 22:08:39,Main Building,33.2,12,109.98
2026-07-30 23:08:39,Main Building,32.5,14,82.72
2026-07-31 00:08:39,Main Building,35.4,3,70.93
2026-07-31 01:08:39,Main Building,34.3,10,89.02
2026-07-31 02:08:39,Main Building,37.2,2,98.21
2026-07-31 03:08:39,Main Building,35.0,0,18.65
2026-07-31 04:08:39,Main Building,34.3,2,14.81
2026-07-31 05:08:39,Main Building,34.8,2,15.66
2026-07-31 06:08:39,Main Building,29.1,4,21.54
2026-07-31 07:08:39,Main Building,35.2,2,16.8
2026-07-31 08:08:39,Main Building,32.6,0,18.6
2026-07-31 09:08:39,Main Building,32.3,66,78.1
2026-07-31 10:08:39,Main Building,30.1,70,72.07
2026-07-31 11:08:39,Main Building,29.5,91,90.07
2026-07-31 12:08:39,Main Building,28.1,77,74.34
2026-07-31 13:08:39,Main Building,29.0,66,59.88
2026-07-31 14:08:39,Main Building,30.3,98,89.19
2026-07-31 15:08:39,Main Building,29.1,97,79.89
2026-07-31 16:08:39,Main Building,28.5,98,80.73
2026-07-31 17:08:39,Main Building,30.2,78,82.73
2026-07-31 18:08:39,Main Building,30.4,0,20.33
2026-07-31 19:08:39,Main Building,30.0,0,18.4
2026-07-31 20:08:39,Main Building,33.7,0,18.12
2026-07-31 21:08:39,Main Building,33.3,8,18.35
2026-07-31 22:08:39,Main Building,32.9,0,18.17
2026-07-31 23:08:39,Main Building,32.4,0,18.87
2026-08-01 00:08:39,Main Building,33.0,0,15.99
2026-08-01 01:08:39,Main Building,32.8,20,17.02
2026-08-01 02:08:39,Main Building,30.9,9,18.37
2026-08-01 03:08:39,Main Building,30.9,6,16.52
2026-08-01 04:08:39,Main Building,30.2,10,18.62
2026-08-01 05:08:39,Main Building,31.6,8,16.71
2026-08-01 06:08:39,Main Building,28.2,14,16.92
2026-08-01 07:08:39,Main Building,29.5,25,17.3
2026-08-01 08:08:39,Main Building,27.9,7,18.15
2026-08-01 09:08:39,Main Building,28.4,2,27.84
2026-08-01 10:08:39,Main Building,26.5,19,28.16
2026-08-01 11:08:39,Main Building,26.2,16,26.14
2026-08-01 12:08:39,Main Building,27.7,12,24.31
2026-08-01 13:08:39,Main Building,25.1,15,25.33
2026-08-01 14:08:39,Main Building,25.4,5,26.85
2026-08-01 15:08:39,Main Building,29.2,4,26.05
2026-08-01 16:08:39,Main Building,28.5,9,26.9
2026-08-01 17:08:39,Main Building,25.3,12,25.63
2026-08-01 18:08:39,Main Building,29.0,15,19.59
2026-08-01 19:08:39,Main Building,29.1,11,17.19
2026-08-01 20:08:39,Main Building,28.5,11,16.7
2026-08-01 21:08:39,Main Building,30.0,16,15.99
2026-08-01 22:08:39,Main Building,32.2,16,16.88
2026-08-01 23:08:39,Main Building,27.9,6,18.3
2026-08-02 00:08:39,Main Building,31.6,5,16.5
2026-08-02 01:08:39,Main Building,33.2,12,16.76
2026-08-02 02:08:39,Main Building,31.4,8,16.08
2026-08-02 03:08:39,Main Building,34.3,8,18.22
2026-08-02 04:08:39,Main Building,33.9,14,16.57
2026-08-02 05:08:39,Main Building,31.7,9,16.1
2026-08-02 06:08:39,Main Building,31.0,4,18.19
2026-08-02 07:08:39,Main Building,29.1,11,17.28
2026-08-02 08:08:39,Main Building,28.6,12,16.53
2026-08-02 09:08:39,Main Building,29.5,3,26.25
2026-08-02 10:08:39,Main Building,30.4,4,24.64
2026-08-02 11:08:39,Main Building,27.6,10,26.7
2026-08-02 12:08:39,Main Building,27.1,13,28.22
2026-08-02 13:08:39,Main Building,26.7,8,27.35
2026-08-02 14:08:39,Main Building,28.8,9,24.05
2026-08-02 15:08:39,Main Building,27.8,9,21.65
2026-08-02 16:08:39,Main Building,27.7,7,25.82
2026-08-02 17:08:39,Main Building,27.4,10,27.42
2026-08-02 18:08:39,Main Building,26.8,12,16.74
2026-08-02 19:08:39,Main Building,29.3,13,16.06
2026-08-02 20:08:39,Main Building,30.6,7,17.81
2026-08-02 21:08:39,Main Building,30.3,19,16.78
2026-08-02 22:08:39,Main Building,30.0,9,16.7
2026-08-02 23:08:39,Main Building,32.3,1,15.95
2026-08-03 00:08:39,Main Building,30.0,9,21.42
2026-08-03 01:08:39,Main Building,31.7,4,18.14
2026-08-03 02:08:39,Main Building,33.7,0,18.48
2026-08-03 03:08:39,Main Building,33.4,7,18.38
2026-08-03 04:08:39,Main Building,33.1,0,19.36
2026-08-03 05:08:39,Main Building,30.1,0,19.02
2026-08-03 06:08:39,Main Building,32.6,4,19.91
2026-08-03 07:08:39,Main Building,32.2,11,21.28
2026-08-03 08:08:39,Main Building,30.1,5,14.8
2026-08-03 09:08:39,Main Building,27.9,55,75.15
2026-08-03 10:08:39,Main Building,27.2,75,75.66
2026-08-03 11:08:39,Main Building,26.9,98,80.69
2026-08-03 12:08:39,Main Building,26.7,66,60.8
2026-08-03 13:08:39,Main Building,25.2,69,63.75
2026-08-03 14:08:39,Main Building,25.0,87,74.08
2026-08-03 15:08:39,Main Building,23.8,98,78.01
2026-08-03 16:08:39,Main Building,24.2,93,72.14
2026-08-03 17:08:39,Main Building,27.4,91,71.92
2026-08-03 18:08:39,Main Building,27.7,4,19.34
2026-08-03 19:08:39,Main Building,28.5,1,17.36
2026-08-03 20:08:39,Main Building,27.8,10,18.04
2026-08-03 21:08:39,Main Building,32.6,4,16.58
2026-08-03 22:08:39,Main Building,28.2,0,14.83
2026-08-03 23:08:39,Main Building,31.5,7,14.84
2026-08-04 00:08:39,Main Building,32.9,2,18.29
2026-08-04 01:08:39,Main Building,34.3,9,17.46
2026-08-04 02:08:39,Main Building,30.7,0,16.56
2026-08-04 03:08:39,Main Building,31.6,0,17.74
2026-08-04 04:08:39,Main Building,31.7,3,16.7
2026-08-04 05:08:39,Main Building,31.4,7,15.82
2026-08-04 06:08:39,Main Building,32.6,4,18.04
2026-08-04 07:08:39,Main Building,30.8,6,19.91
2026-08-04 08:08:39,Main Building,29.4,1,18.72
2026-08-04 09:08:39,Main Building,26.5,60,63.83
2026-08-04 10:08:39,Main Building,27.2,74,62.99
2026-08-04 11:08:39,Main Building,26.1,90,79.0
2026-08-04 12:08:39,Main Building,24.9,76,64.47
2026-08-04 13:08:39,Main Building,27.6,72,68.97
2026-08-04 14:08:39,Main Building,28.7,89,87.5
2026-08-04 15:08:39,Main Building,27.6,91,88.66
2026-08-04 16:08:39,Main Building,26.0,96,82.3
2026-08-04 17:08:39,Main Building,26.7,89,82.87
2026-08-04 18:08:39,Main Building,24.9,11,14.68
2026-08-04 19:08:39,Main Building,29.8,10,15.82
2026-08-04 20:08:39,Main Building,28.4,0,17.57
2026-08-04 21:08:39,Main Building,29.3,8,20.62
2026-08-04 22:08:39,Main Building,32.6,2,17.58
2026-08-04 23:08:39,Main Building,28.6,0,19.93
2026-08-05 00:08:39,Main Building,34.0,0,16.82
2026-08-05 01:08:39,Main Building,31.9,6,16.38
2026-08-05 02:08:39,Main Building,32.6,2,17.97
2026-08-05 03:08:39,Main Building,32.7,5,17.13
2026-08-05 04:08:39,Main Building,31.4,4,17.26
2026-08-05 05:08:39,Main Building,30.7,12,19.12
2026-08-05 06:08:39,Main Building,30.1,8,17.33
2026-08-05 07:08:39,Main Building,31.5,6,17.79
2026-08-05 08:08:39,Main Building,29.7,0,15.75
2026-08-05 09:08:39,Main Building,26.4,60,72.46
2026-08-05 10:08:39,Main Building,30.8,78,84.1
2026-08-05 11:08:39,Main Building,24.2,87,68.96
2026-08-05 12:08:39,Main Building,25.5,69,64.14
2026-08-05 13:08:39,Main Building,23.1,73,58.34
2026-08-05 14:08:39,Main Building,26.4,105,81.7
2026-08-05 15:08:39,Main Building,22.3,93,77.6
2026-08-05 16:08:39,Main Building,29.3,88,86.08
2026-08-05 17:08:39,Main Building,26.2,84,88.62
2026-08-05 18:08:39,Main Building,25.2,6,18.94
2026-08-05 19:08:39,Main Building,29.9,5,18.62
2026-08-05 20:08:39,Main Building,28.4,6,17.31
2026-08-05 21:08:39,Main Building,30.7,3,18.75
2026-08-05 22:08:39,Main Building,30.5,10,17.9
2026-08-05 23:08:39,Main Building,28.5,11,16.19
2026-08-06 00:08:39,Main Building,30.6,2,20.75
2026-08-06 01:08:39,Main Building,28.7,20,20.11
2026-08-06 02:08:39,Main Building,32.3,4,18.57
2026-08-06 03:08:39,Main Building,32.7,8,19.11
2026-08-06 04:08:39,Main Building,31.7,4,17.7
2026-08-06 05:08:39,Main Building,30.8,10,19.19
2026-08-06 06:08:39,Main Building,26.1,8,18.39
2026-08-06 07:08:39,Main Building,29.7,3,20.25
2026-08-06 08:08:39,Main Building,30.4,1,18.81
2026-08-06 09:08:39,Main Building,26.8,53,57.97
2026-08-06 10:08:39,Main Building,28.8,79,80.67
2026-08-06 11:08:39,Main Building,28.0,92,79.79
2026-08-06 12:08:39,Main Building,27.0,74,75.77
2026-08-06 13:08:39,Main Building,27.9,73,75.06
2026-08-06 14:08:39,Main Building,27.6,94,78.79
2026-08-06 15:08:39,Main Building,25.9,91,74.92
2026-08-06 16:08:39,Main Building,26.2,91,77.36
2026-08-06 17:08:39,Main Building,24.0,86,72.01
2026-08-06 18:08:39,Main Building,26.3,8,19.88
2026-08-06 19:08:39,Main Building,25.8,1,16.46
2026-08-06 20:08:39,Main Building,27.6,9,17.61
2026-08-06 21:08:39,Main Building,29.4,0,19.27
2026-08-06 22:08:39,Main Building,28.6,5,18.55
2026-08-06 23:08:39,Main Building,33.2,0,11.96
2026-08-07 00:08:39,Main Building,31.9,14,20.48
2026-08-07 01:08:39,Main Building,32.2,2,19.61
2026-08-07 02:08:39,Main Building,30.5,7,19.01
2026-08-07 03:08:39,Main Building,33.5,18,18.78
2026-08-07 04:08:39,Main Building,30.8,4,14.46
2026-08-07 05:08:39,Main Building,30.1,2,16.95
2026-08-07 06:08:39,Main Building,30.7,0,20.24
2026-08-07 07:08:39,Main Building,29.8,4,17.34
2026-08-07 08:08:39,Main Building,29.2,9,16.27
2026-08-07 09:08:39,Main Building,27.2,58,57.67
2026-08-07 10:08:39,Main Building,26.3,72,73.97
2026-08-07 11:08:39,Main Building,27.3,90,84.85
2026-08-07 12:08:39,Main Building,26.2,71,68.38
2026-08-07 13:08:39,Main Building,26.5,67,55.31
2026-08-07 14:08:39,Main Building,25.8,102,88.23
2026-08-07 15:08:39,Main Building,27.6,101,87.14
2026-08-07 16:08:39,Main Building,26.7,91,78.32
2026-08-07 17:08:39,Main Building,27.8,91,81.4
2026-08-07 18:08:39,Main Building,26.8,5,19.2
2026-08-07 19:08:39,Main Building,26.1,0,16.9
2026-08-07 20:08:39,Main Building,27.2,2,17.7
2026-08-07 21:08:39,Main Building,29.1,12,18.65
2026-08-07 22:08:39,Main Building,31.0,8,15.72
2026-08-07 23:08:39,Main Building,32.7,4,19.34
2026-08-08 00:08:39,Main Building,30.0,2,17.82
2026-08-08 01:08:39,Main Building,32.5,5,51.62
2026-08-08 02:08:39,Main Building,33.7,4,18.64
2026-08-08 03:08:39,Main Building,30.5,13,16.67
2026-08-08 04:08:39,Main Building,32.5,7,16.84
2026-08-08 05:08:39,Main Building,31.2,4,17.74
2026-08-08 06:08:39,Main Building,29.7,8,16.01
2026-08-08 07:08:39,Main Building,25.9,9,19.41
2026-08-08 08:08:39,Main Building,30.2,9,16.74
2026-08-08 09:08:39,Main Building,28.3,12,23.64
2026-08-08 10:08:39,Main Building,29.2,13,27.44
2026-08-08 11:08:39,Main Building,27.5,10,27.35
2026-08-08 12:08:39,Main Building,27.3,8,24.85
2026-08-08 13:08:39,Main Building,26.3,17,23.52
2026-08-08 14:08:39,Main Building,23.8,10,26.1
2026-08-08 15:08:39,Main Building,26.4,11,25.55
2026-08-08 16:08:39,Main Building,28.6,1,24.34
2026-08-08 17:08:39,Main Building,26.7,1,25.65
2026-08-08 18:08:39,Main Building,30.0,10,17.23
2026-08-08 19:08:39,Main Building,26.3,6,16.62
2026-08-08 20:08:39,Main Building,28.5,16,17.56
2026-08-08 21:08:39,Main Building,28.1,11,17.5
2026-08-08 22:08:39,Main Building,32.2,17,15.98
2026-08-08 23:08:39,Main Building,29.9,3,16.77
2026-08-09 00:08:39,Main Building,32.3,14,16.92
2026-08-09 01:08:39,Main Building,31.4,10,16.16
2026-08-09 02:08:39,Main Building,35.1,1,17.18
2026-08-09 03:08:39,Main Building,34.9,10,16.81
2026-08-09 04:08:39,Main Building,31.1,9,18.37
2026-08-09 05:08:39,Main Building,27.8,17,15.58
2026-08-09 06:08:39,Main Building,30.1,7,17.59
2026-08-09 07:08:39,Main Building,27.4,12,19.02
2026-08-09 08:08:39,Main Building,27.0,10,16.34
2026-08-09 09:08:39,Main Building,28.9,10,24.72
2026-08-09 10:08:39,Main Building,28.2,19,25.62
2026-08-09 11:08:39,Main Building,28.0,3,24.09
2026-08-09 12:08:39,Main Building,27.1,17,26.71
2026-08-09 13:08:39,Main Building,25.6,9,23.5
2026-08-09 14:08:39,Main Building,26.9,14,25.1
2026-08-09 15:08:39,Main Building,25.4,11,25.13
2026-08-09 16:08:39,Main Building,26.3,20,25.51
2026-08-09 17:08:39,Main Building,26.3,6,27.49
2026-08-09 18:08:39,Main Building,27.2,6,18.32
2026-08-09 19:08:39,Main Building,30.4,6,15.13
2026-08-09 20:08:39,Main Building,30.5,6,17.79
2026-08-09 21:08:39,Main Building,26.8,14,15.79
2026-08-09 22:08:39,Main Building,31.6,10,16.05
2026-08-09 23:08:39,Main Building,30.5,13,17.11
2026-08-10 00:08:39,Main Building,32.5,14,14.87
2026-08-10 01:08:39,Main Building,34.3,5,16.2
2026-08-10 02:08:39,Main Building,30.0,4,19.84
2026-08-10 03:08:39,Main Building,31.7,12,15.1
2026-08-10 04:08:39,Main Building,31.6,0,18.73
2026-08-10 05:08:39,Main Building,32.5,2,12.79
2026-08-10 06:08:39,Main Building,30.8,7,18.81
2026-08-10 07:08:39,Main Building,31.6,0,19.36
2026-08-10 08:08:39,Main Building,30.8,0,18.64
2026-08-10 09:08:39,Main Building,27.5,59,67.24
2026-08-10 10:08:39,Main Building,26.8,71,70.27
2026-08-10 11:08:39,Main Building,25.2,84,76.8
2026-08-10 12:08:39,Main Building,24.7,73,69.21
2026-08-10 13:08:39,Main Building,23.5,66,66.97
2026-08-10 14:08:39,Main Building,24.5,92,78.31
2026-08-10 15:08:39,Main Building,27.3,93,79.11
2026-08-10 16:08:39,Main Building,28.5,103,94.39
2026-08-10 17:08:39,Main Building,27.0,80,70.85
2026-08-10 18:08:39,Main Building,28.3,7,20.8
2026-08-10 19:08:39,Main Building,29.2,0,20.1
2026-08-10 20:08:39,Main Building,27.5,3,18.5
2026-08-10 21:08:39,Main Building,32.8,20,19.21
2026-08-10 22:08:39,Main Building,30.2,7,19.78
2026-08-10 23:08:39,Main Building,30.6,13,18.46
2026-08-11 00:08:39,Main Building,32.3,8,18.84
2026-08-11 01:08:39,Main Building,33.2,1,16.88
2026-08-11 02:08:39,Main Building,30.3,7,19.56
2026-08-11 03:08:39,Main Building,32.6,13,17.99
2026-08-11 04:08:39,Main Building,32.6,0,17.23
2026-08-11 05:08:39,Main Building,32.2,9,17.41
2026-08-11 06:08:39,Main Building,30.4,0,17.29
2026-08-11 07:08:39,Main Building,31.1,7,19.0
2026-08-11 08:08:39,Main Building,29.1,5,16.68
2026-08-11 09:08:39,Main Building,29.3,62,73.06
2026-08-11 10:08:39,Main Building,26.7,64,71.89
2026-08-11 11:08:39,Main Building,26.2,85,79.37
2026-08-11 12:08:39,Main Building,25.8,75,73.19
2026-08-11 13:08:39,Main Building,27.1,63,72.76
2026-08-11 14:08:39,Main Building,26.4,93,81.02
2026-08-11 15:08:39,Main Building,23.4,97,71.15
2026-08-11 16:08:39,Main Building,24.4,87,78.86
2026-08-11 17:08:39,Main Building,25.9,92,76.12
2026-08-11 18:08:39,Main Building,24.9,0,20.47
2026-08-11 19:08:39,Main Building,28.0,2,18.32
2026-08-11 20:08:39,Main Building,29.8,10,20.9
2026-08-11 21:08:39,Main Building,29.2,0,17.17
2026-08-11 22:08:39,Main Building,30.9,0,16.09
2026-08-11 23:08:39,Main Building,31.6,4,18.07
2026-08-12 00:08:39,Main Building,30.5,3,16.15
2026-08-12 01:08:39,Main Building,33.2,10,14.31
2026-08-12 02:08:39,Main Building,30.6,0,16.7
2026-08-12 03:08:39,Main Building,31.8,0,16.16
2026-08-12 04:08:39,Main Building,30.1,6,18.14
2026-08-12 05:08:39,Main Building,30.0,5,16.91
2026-08-12 06:08:39,Main Building,30.1,13,20.68
2026-08-12 07:08:39,Main Building,27.8,9,19.62
2026-08-12 08:08:39,Main Building,27.3,9,21.08
2026-08-12 09:08:39,Main Building,26.5,55,66.59
2026-08-12 10:08:39,Main Building,27.9,77,77.0
2026-08-12 11:08:39,Main Building,27.5,83,82.74
2026-08-12 12:08:39,Main Building,28.2,68,71.18
2026-08-12 13:08:39,Main Building,23.8,72,67.46
2026-08-12 14:08:39,Main Building,25.9,100,81.13
2026-08-12 15:08:39,Main Building,26.9,89,79.18
2026-08-12 16:08:39,Main Building,26.1,96,79.35
2026-08-12 17:08:39,Main Building,26.7,89,76.72
2026-08-12 18:08:39,Main Building,25.1,13,20.76
2026-08-12 19:08:39,Main Building,26.3,8,16.99
2026-08-12 20:08:39,Main Building,29.4,6,17.53
2026-08-12 21:08:39,Main Building,28.6,1,16.17
2026-08-12 22:08:39,Main Building,29.3,4,16.57
2026-08-12 23:08:39,Main Building,32.1,12,16.84
2026-08-13 00:08:39,Main Building,32.0,7,85.23
2026-08-13 01:08:39,Main Building,32.0,8,85.32
2026-08-13 02:08:39,Main Building,30.1,9,19.77
2026-08-13 03:08:39,Main Building,30.8,5,19.37
2026-08-13 04:08:39,Main Building,31.3,10,22.73
2026-08-13 05:08:39,Main Building,29.9,0,18.61
2026-08-13 06:08:39,Main Building,31.6,3,20.91
2026-08-13 07:08:39,Main Building,27.8,8,16.79
2026-08-13 08:08:39,Main Building,31.6,14,16.47
2026-08-13 09:08:39,Main Building,27.4,64,65.86
2026-08-13 10:08:39,Main Building,27.4,75,63.7
2026-08-13 11:08:39,Main Building,26.9,86,75.33
2026-08-13 12:08:39,Main Building,28.6,63,73.77
2026-08-13 13:08:39,Main Building,25.7,68,70.35
2026-08-13 14:08:39,Main Building,26.5,97,87.34
2026-08-13 15:08:39,Main Building,25.6,91,72.27
2026-08-13 16:08:39,Main Building,25.2,109,92.12
2026-08-13 17:08:39,Main Building,24.9,78,72.21
2026-08-13 18:08:39,Main Building,28.3,7,17.49
2026-08-13 19:08:39,Main Building,28.0,6,18.17
2026-08-13 20:08:39,Main Building,25.7,3,16.3
2026-08-13 21:08:39,Main Building,30.0,19,18.73
2026-08-13 22:08:39,Main Building,30.0,9,85.36
2026-08-13 23:08:39,Main Building,31.8,8,99.5
2026-08-14 00:08:39,Main Building,29.9,7,16.15
2026-08-14 01:08:39,Main Building,32.7,0,17.17
2026-08-14 02:08:39,Main Building,31.6,9,19.84
2026-08-14 03:08:39,Main Building,30.0,5,16.58
2026-08-14 04:08:39,Main Building,29.7,3,17.38
2026-08-14 05:08:39,Main Building,34.8,7,15.24
2026-08-14 06:08:39,Main Building,29.7,10,22.18
2026-08-14 07:08:39,Main Building,27.4,0,21.74
2026-08-14 08:08:39,Main Building,29.6,0,19.07
2026-08-14 09:08:39,Main Building,24.3,60,61.24
2026-08-14 10:08:39,Main Building,28.9,69,73.73
2026-08-14 11:08:39,Main Building,25.5,91,73.02
2026-08-14 12:08:39,Main Building,25.8,65,68.36
2026-08-14 13:08:39,Main Building,27.4,68,69.99
2026-08-14 14:08:39,Main Building,23.8,93,74.85
2026-08-14 15:08:39,Main Building,30.0,89,92.82
2026-08-14 16:08:39,Main Building,27.9,96,93.59
2026-08-14 17:08:39,Main Building,27.4,86,78.53
2026-08-14 18:08:39,Main Building,29.3,10,16.75
2026-08-14 19:08:39,Main Building,26.2,3,16.4
2026-08-14 20:08:39,Main Building,28.9,11,17.09
2026-08-14 21:08:39,Main Building,29.7,5,19.7
2026-08-14 22:08:39,Main Building,27.1,1,18.42
2026-08-14 23:08:39,Main Building,32.9,2,14.25
2026-08-15 00:08:39,Main Building,32.5,6,15.81
2026-08-15 01:08:39,Main Building,31.0,9,16.4
2026-08-15 02:08:39,Main Building,28.7,14,18.27
2026-08-15 03:08:39,Main Building,32.9,4,16.8
2026-08-15 04:08:39,Main Building,31.6,12,17.67
2026-08-15 05:08:39,Main Building,30.0,10,17.46
2026-08-15 06:08:39,Main Building,32.7,13,17.79
2026-08-15 07:08:39,Main Building,29.9,17,17.41
2026-08-15 08:08:39,Main Building,27.7,17,17.7
2026-08-15 09:08:39,Main Building,27.6,7,26.59
2026-08-15 10:08:39,Main Building,28.2,10,26.62
2026-08-15 11:08:39,Main Building,29.4,15,26.38
2026-08-15 12:08:39,Main Building,27.8,4,26.8
2026-08-15 13:08:39,Main Building,28.8,8,24.3
2026-08-15 14:08:39,Main Building,25.0,4,24.43
2026-08-15 15:08:39,Main Building,25.5,2,26.03
2026-08-15 16:08:39,Main Building,27.8,5,29.04
2026-08-15 17:08:39,Main Building,27.6,15,24.68
2026-08-15 18:08:39,Main Building,28.8,4,17.89
2026-08-15 19:08:39,Main Building,28.5,12,15.82
2026-08-15 20:08:39,Main Building,27.7,12,16.05
2026-08-15 21:08:39,Main Building,30.5,3,17.85
2026-08-15 22:08:39,Main Building,28.7,12,17.63
2026-08-15 23:08:39,Main Building,30.1,12,17.26
2026-08-16 00:08:39,Main Building,30.8,4,15.04
2026-08-16 01:08:39,Main Building,32.4,2,17.1
2026-08-16 02:08:39,Main Building,31.6,13,16.7
2026-08-16 03:08:39,Main Building,31.4,13,17.34
2026-08-16 04:08:39,Main Building,32.1,12,15.46
2026-08-16 05:08:39,Main Building,32.3,13,15.98
2026-08-16 06:08:39,Main Building,30.1,9,16.87
2026-08-16 07:08:39,Main Building,30.3,17,18.08
2026-08-16 08:08:39,Main Building,27.0,13,18.33
2026-08-16 09:08:39,Main Building,28.8,15,30.02
2026-08-16 10:08:39,Main Building,29.0,11,28.09
2026-08-16 11:08:39,Main Building,27.1,10,25.3
2026-08-16 12:08:39,Main Building,28.7,5,29.06
2026-08-16 13:08:39,Main Building,26.9,3,26.74
2026-08-16 14:08:39,Main Building,22.8,13,27.77
2026-08-16 15:08:39,Main Building,25.2,10,29.91
2026-08-16 16:08:39,Main Building,25.6,4,28.96
2026-08-16 17:08:39,Main Building,29.8,10,28.02
2026-08-16 18:08:39,Main Building,29.5,6,16.51
2026-08-16 19:08:39,Main Building,30.1,18,17.56
2026-08-16 20:08:39,Main Building,27.7,19,16.47
2026-08-16 21:08:39,Main Building,29.3,11,18.55
2026-08-16 22:08:39,Main Building,31.8,12,17.46
2026-08-16 23:08:39,Main Building,31.2,12,14.47
2026-08-17 00:08:39,Main Building,31.2,6,15.7
2026-08-17 01:08:39,Main Building,32.5,3,21.51
2026-08-17 02:08:39,Main Building,34.4,2,17.7
2026-08-17 03:08:39,Main Building,31.8,2,18.39
2026-08-17 04:08:39,Main Building,30.5,0,19.25
2026-08-17 05:08:39,Main Building,32.1,0,19.79
2026-08-17 06:08:39,Main Building,29.6,6,19.64
2026-08-17 07:08:39,Main Building,29.7,7,16.97
2026-08-17 08:08:39,Main Building,28.7,3,16.51
2026-08-17 09:08:39,Main Building,28.0,52,60.54
2026-08-17 10:08:39,Main Building,27.1,73,70.49
2026-08-17 11:08:39,Main Building,26.8,92,84.97
2026-08-17 12:08:39,Main Building,25.4,63,58.09
2026-08-17 13:08:39,Main Building,25.4,68,61.95
2026-08-17 14:08:39,Main Building,24.1,92,76.11
2026-08-17 15:08:39,Main Building,27.0,92,78.94
2026-08-17 16:08:39,Main Building,25.0,94,73.76
2026-08-17 17:08:39,Main Building,27.7,76,72.6
2026-08-17 18:08:39,Main Building,28.0,5,23.39
2026-08-17 19:08:39,Main Building,28.7,0,17.81
2026-08-17 20:08:39,Main Building,26.3,4,16.33
2026-08-17 21:08:39,Main Building,31.1,2,17.77
2026-08-17 22:08:39,Main Building,29.5,13,17.36
2026-08-17 23:08:39,Main Building,33.9,9,18.96
2026-08-18 00:08:39,Main Building,32.2,6,14.14
2026-08-18 01:08:39,Main Building,31.5,9,17.9
2026-08-18 02:08:39,Main Building,29.9,4,21.41
2026-08-18 03:08:39,Main Building,33.8,4,19.9
2026-08-18 04:08:39,Main Building,31.0,0,16.15
2026-08-18 05:08:39,Main Building,33.5,3,17.51
2026-08-18 06:08:39,Main Building,30.1,14,21.25
2026-08-18 07:08:39,Main Building,33.1,4,18.59
2026-08-18 08:08:39,Main Building,26.7,12,15.66
2026-08-18 09:08:39,Main Building,28.5,54,62.06
2026-08-18 10:08:39,Main Building,26.2,71,66.2
2026-08-18 11:08:39,Main Building,26.1,94,74.68
2026-08-18 12:08:39,Main Building,26.7,76,69.83
2026-08-18 13:08:39,Main Building,25.0,68,70.9
2026-08-18 14:08:39,Main Building,26.3,92,82.02
2026-08-18 15:08:39,Main Building,24.4,98,80.84
2026-08-18 16:08:39,Main Building,25.9,90,73.37
2026-08-18 17:08:39,Main Building,27.7,91,78.71
2026-08-18 18:08:39,Main Building,28.2,0,16.83
2026-08-18 19:08:39,Main Building,28.2,0,16.13
2026-08-18 20:08:39,Main Building,28.0,6,17.63
2026-08-18 21:08:39,Main Building,26.4,0,16.79
2026-08-18 22:08:39,Main Building,31.2,0,17.0
2026-08-18 23:08:39,Main Building,30.3,11,17.23
2026-08-19 00:08:39,Main Building,32.2,5,13.74
2026-08-19 01:08:39,Main Building,33.1,6,19.02
2026-08-19 02:08:39,Main Building,37.9,0,21.45
2026-08-19 03:08:39,Main Building,31.5,6,17.91
2026-08-19 04:08:39,Main Building,31.0,2,18.66
2026-08-19 05:08:39,Main Building,28.8,8,17.17
2026-08-19 06:08:39,Main Building,28.8,2,20.51
2026-08-19 07:08:39,Main Building,29.0,6,16.54
2026-08-19 08:08:39,Main Building,30.1,8,21.7
2026-08-19 09:08:39,Main Building,28.0,63,68.99
2026-08-19 10:08:39,Main Building,29.4,71,79.03
2026-08-19 11:08:39,Main Building,26.6,89,79.16
2026-08-19 12:08:39,Main Building,26.8,69,70.17
2026-08-19 13:08:39,Main Building,28.5,74,79.35
2026-08-19 14:08:39,Main Building,25.3,90,81.38
2026-08-19 15:08:39,Main Building,27.4,102,83.78
2026-08-19 16:08:39,Main Building,26.1,86,74.24
2026-08-19 17:08:39,Main Building,28.4,82,82.0
2026-08-19 18:08:39,Main Building,27.2,6,15.7
2026-08-19 19:08:39,Main Building,28.4,0,17.63
2026-08-19 20:08:39,Main Building,26.6,11,19.55
2026-08-19 21:08:39,Main Building,30.5,12,16.1
2026-08-19 22:08:39,Main Building,33.1,9,17.53
2026-08-19 23:08:39,Main Building,32.8,0,16.35
2026-08-20 00:08:39,Main Building,30.7,2,15.89
2026-08-20 01:08:39,Main Building,33.7,3,18.71
2026-08-20 02:08:39,Main Building,31.1,0,18.54
2026-08-20 03:08:39,Main Building,29.0,4,15.26
2026-08-20 04:08:39,Main Building,34.6,9,18.21
2026-08-20 05:08:39,Main Building,33.0,0,19.09
2026-08-20 06:08:39,Main Building,30.8,6,20.54
2026-08-20 07:08:39,Main Building,30.9,6,14.69
2026-08-20 08:08:39,Main Building,27.6,4,18.19
2026-08-20 09:08:39,Main Building,26.5,72,77.58
2026-08-20 10:08:39,Main Building,28.4,75,74.24
2026-08-20 11:08:39,Main Building,25.5,90,78.29
2026-08-20 12:08:39,Main Building,24.5,71,64.72
2026-08-20 13:08:39,Main Building,23.2,65,57.83
2026-08-20 14:08:39,Main Building,28.8,97,80.42
2026-08-20 15:08:39,Main Building,26.8,87,83.51
2026-08-20 16:08:39,Main Building,25.7,94,86.03
2026-08-20 17:08:39,Main Building,24.9,78,66.88
2026-08-20 18:08:39,Main Building,29.1,0,12.34
2026-08-20 19:08:39,Main Building,27.5,7,20.4
2026-08-20 20:08:39,Main Building,28.3,2,20.31
2026-08-20 21:08:39,Main Building,27.0,3,18.38
2026-08-20 22:08:39,Main Building,31.2,2,18.07
2026-08-20 23:08:39,Main Building,27.4,1,18.91
2026-08-21 00:08:39,Main Building,30.1,5,18.89
2026-08-21 01:08:39,Main Building,31.4,5,16.07
2026-08-21 02:08:39,Main Building,31.7,8,18.31
2026-08-21 03:08:39,Main Building,31.0,6,19.43
2026-08-21 04:08:39,Main Building,28.5,10,17.33
2026-08-21 05:08:39,Main Building,31.8,10,15.26
2026-08-21 06:08:39,Main Building,29.4,3,16.43
2026-08-21 07:08:39,Main Building,32.4,0,16.89
2026-08-21 08:08:39,Main Building,29.3,0,17.21
2026-08-21 09:08:39,Main Building,28.7,58,66.93
2026-08-21 10:08:39,Main Building,26.7,67,69.51
2026-08-21 11:08:39,Main Building,29.5,90,86.13
2026-08-21 12:08:39,Main Building,27.4,63,75.81
2026-08-21 13:08:39,Main Building,26.4,78,69.13
2026-08-21 14:08:39,Main Building,28.7,98,90.17
2026-08-21 15:08:39,Main Building,26.5,93,86.5
2026-08-21 16:08:39,Main Building,26.6,85,71.11
2026-08-21 17:08:39,Main Building,26.6,86,76.92
2026-08-21 18:08:39,Main Building,29.3,0,18.29
2026-08-21 19:08:39,Main Building,25.5,8,17.81
2026-08-21 20:08:39,Main Building,29.6,0,20.56
2026-08-21 21:08:39,Main Building,31.3,7,17.74
2026-08-21 22:08:39,Main Building,31.4,1,19.71
2026-08-21 23:08:39,Main Building,33.6,10,16.54
2026-08-22 00:08:39,Main Building,32.1,3,17.57
2026-08-22 01:08:39,Main Building,32.6,0,15.84
2026-08-22 02:08:39,Main Building,31.6,8,15.79
2026-08-22 03:08:39,Main Building,32.5,11,16.81
2026-08-22 04:08:39,Main Building,30.5,15,18.66
2026-08-22 05:08:39,Main Building,30.4,6,17.49
2026-08-22 06:08:39,Main Building,30.0,9,17.74
2026-08-22 07:08:39,Main Building,26.9,16,17.07
2026-08-22 08:08:39,Main Building,28.4,9,16.96
2026-08-22 09:08:39,Main Building,25.6,17,26.08
2026-08-22 10:08:39,Main Building,28.2,14,23.96
2026-08-22 11:08:39,Main Building,27.6,8,27.69
2026-08-22 12:08:39,Main Building,23.2,9,24.79
2026-08-22 13:08:39,Main Building,26.8,12,24.58
2026-08-22 14:08:39,Main Building,24.9,9,24.21
2026-08-22 15:08:39,Main Building,27.4,8,20.19
2026-08-22 16:08:39,Main Building,25.8,4,22.74
2026-08-22 17:08:39,Main Building,25.0,10,28.66
2026-08-22 18:08:39,Main Building,28.0,6,17.46
2026-08-22 19:08:39,Main Building,27.5,6,15.85
2026-08-22 20:08:39,Main Building,26.4,8,17.16
2026-08-22 21:08:39,Main Building,29.6,7,16.05
2026-08-22 22:08:39,Main Building,31.4,3,17.78
2026-08-22 23:08:39,Main Building,29.6,6,15.53
2026-08-23 00:08:39,Main Building,30.8,14,17.52
2026-08-23 01:08:39,Main Building,33.4,12,15.9
2026-08-23 02:08:39,Main Building,31.5,6,18.33
2026-08-23 03:08:39,Main Building,30.1,14,17.89
2026-08-23 04:08:39,Main Building,34.3,7,17.71
2026-08-23 05:08:39,Main Building,34.5,6,15.46
2026-08-23 06:08:39,Main Building,27.7,13,15.12
2026-08-23 07:08:39,Main Building,29.2,12,17.19
2026-08-23 08:08:39,Main Building,29.6,11,18.28
2026-08-23 09:08:39,Main Building,26.8,6,24.45
2026-08-23 10:08:39,Main Building,28.7,14,26.9
2026-08-23 11:08:39,Main Building,28.7,4,29.33
2026-08-23 12:08:39,Main Building,28.7,13,29.56
2026-08-23 13:08:39,Main Building,23.6,7,24.53
2026-08-23 14:08:39,Main Building,27.1,4,27.51
2026-08-23 15:08:39,Main Building,28.2,13,26.57
2026-08-23 16:08:39,Main Building,24.9,5,28.5
2026-08-23 17:08:39,Main Building,28.0,9,25.16
2026-08-23 18:08:39,Main Building,24.5,4,18.91
2026-08-23 19:08:39,Main Building,26.3,10,18.01
2026-08-23 20:08:39,Main Building,27.1,10,17.94
2026-08-23 21:08:39,Main Building,29.8,24,15.33
2026-08-23 22:08:39,Main Building,32.1,9,17.77
2026-08-23 23:08:39,Main Building,31.8,6,17.23
2026-08-24 00:08:39,Main Building,28.8,8,18.6
2026-08-24 01:08:39,Main Building,32.9,10,18.74
2026-08-24 02:08:39,Main Building,32.2,0,16.58
2026-08-24 03:08:39,Main Building,33.7,12,17.52
2026-08-24 04:08:39,Main Building,31.7,0,20.35
2026-08-24 05:08:39,Main Building,32.1,14,16.24
2026-08-24 06:08:39,Main Building,29.9,6,19.29
2026-08-24 07:08:39,Main Building,29.5,0,19.76
2026-08-24 08:08:39,Main Building,30.1,0,20.71
2026-08-24 09:08:39,Main Building,30.0,60,71.4
2026-08-24 10:08:39,Main Building,28.3,70,72.75
2026-08-24 11:08:39,Main Building,23.7,94,67.59
2026-08-24 12:08:39,Main Building,28.7,68,71.34
2026-08-24 13:08:39,Main Building,25.2,68,72.49
2026-08-24 14:08:39,Main Building,22.3,101,77.79
2026-08-24 15:08:39,Main Building,24.3,89,82.48
2026-08-24 16:08:39,Main Building,25.0,89,81.19
2026-08-24 17:08:39,Main Building,27.4,80,246.02
2026-08-24 18:08:39,Main Building,26.0,10,20.12
2026-08-24 19:08:39,Main Building,29.0,6,21.52
2026-08-24 20:08:39,Main Building,29.0,0,18.9
2026-08-24 21:08:39,Main Building,32.9,0,17.28
2026-08-24 22:08:39,Main Building,31.1,4,16.04
2026-08-24 23:08:39,Main Building,32.8,16,18.39
2026-08-25 00:08:39,Main Building,30.2,0,18.52
2026-08-25 01:08:39,Main Building,33.6,7,18.0
2026-08-25 02:08:39,Main Building,31.1,0,19.67
2026-08-25 03:08:39,Main Building,33.3,0,21.18
2026-08-25 04:08:39,Main Building,32.5,11,15.32
2026-08-25 05:08:39,Main Building,29.1,4,19.01
2026-08-25 06:08:39,Main Building,33.2,8,17.51
2026-08-25 07:08:39,Main Building,28.2,11,16.07
2026-08-25 08:08:39,Main Building,31.4,3,21.18
2026-08-25 09:08:39,Main Building,29.2,59,66.3
2026-08-25 10:08:39,Main Building,27.0,77,73.89
2026-08-25 11:08:39,Main Building,26.0,89,77.89
2026-08-25 12:08:39,Main Building,23.2,72,58.5
2026-08-25 13:08:39,Main Building,24.4,61,51.33
2026-08-25 14:08:39,Main Building,24.0,91,84.27
2026-08-25 15:08:39,Main Building,25.3,95,81.1
2026-08-25 16:08:39,Main Building,26.6,94,75.22
2026-08-25 17:08:39,Main Building,29.1,94,77.79
2026-08-25 18:08:39,Main Building,26.0,3,16.07
2026-08-25 19:08:39,Main Building,29.0,1,22.33
2026-08-25 20:08:39,Main Building,30.8,6,20.05
2026-08-25 21:08:39,Main Building,31.4,2,16.37
2026-08-25 22:08:39,Main Building,30.6,9,18.28
2026-08-25 23:08:39,Main Building,28.8,0,17.85
2026-08-26 00:08:39,Main Building,31.5,14,15.23
2026-08-26 01:08:39,Main Building,32.7,12,22.54
2026-08-26 02:08:39,Main Building,31.4,7,19.14
2026-08-26 03:08:39,Main Building,32.2,4,18.87
2026-08-26 04:08:39,Main Building,27.8,8,18.25
2026-08-26 05:08:39,Main Building,30.8,15,16.65
2026-08-26 06:08:39,Main Building,29.9,14,16.34
2026-08-26 07:08:39,Main Building,29.0,4,19.68
2026-08-26 08:08:39,Main Building,29.3,0,16.94
2026-08-26 09:08:39,Main Building,27.3,59,67.23
2026-08-26 10:08:39,Main Building,28.1,66,75.52
2026-08-26 11:08:39,Main Building,27.3,96,85.82
2026-08-26 12:08:39,Main Building,28.1,72,79.93
2026-08-26 13:08:39,Main Building,26.9,69,80.66
2026-08-26 14:08:39,Main Building,27.3,97,77.72
2026-08-26 15:08:39,Main Building,24.2,96,78.13
2026-08-26 16:08:39,Main Building,25.5,95,87.44
2026-08-26 17:08:39,Main Building,27.9,79,75.74
2026-08-26 18:08:39,Main Building,26.3,3,17.17
2026-08-26 19:08:39,Main Building,27.5,0,17.74
2026-08-26 20:08:39,Main Building,28.2,0,22.11
2026-08-26 21:08:39,Main Building,31.4,3,18.04
2026-08-26 22:08:39,Main Building,28.7,13,21.79
2026-08-26 23:08:39,Main Building,31.4,10,18.35
2026-08-27 00:08:39,Main Building,29.6,2,18.26
2026-08-27 01:08:39,Main Building,31.2,3,17.82
2026-08-27 02:08:39,Main Building,31.9,5,15.88
2026-08-27 03:08:39,Main Building,30.8,0,19.96
2026-08-27 04:08:39,Main Building,28.4,10,20.77
2026-08-27 05:08:39,Main Building,30.7,0,17.28
2026-08-27 06:08:39,Main Building,30.4,0,16.97
2026-08-27 07:08:39,Main Building,32.1,8,16.15
2026-08-27 08:08:39,Main Building,26.6,3,17.57
2026-08-27 09:08:39,Main Building,29.0,57,70.06
2026-08-27 10:08:39,Main Building,30.4,79,81.06
2026-08-27 11:08:39,Main Building,26.6,88,84.1
2026-08-27 12:08:39,Main Building,25.5,70,67.26
2026-08-27 13:08:39,Main Building,25.3,63,64.71
2026-08-27 14:08:39,Main Building,25.9,97,78.63
2026-08-27 15:08:39,Main Building,27.9,90,90.36
2026-08-27 16:08:39,Main Building,23.8,97,79.48
2026-08-27 17:08:39,Main Building,25.7,87,82.3
2026-08-27 18:08:39,Main Building,24.2,7,13.01
2026-08-27 19:08:39,Main Building,26.8,13,16.84
2026-08-27 20:08:39,Main Building,27.2,4,22.14
2026-08-27 21:08:39,Main Building,27.0,0,20.99
2026-08-27 22:08:39,Main Building,33.3,4,15.52
2026-08-27 23:08:39,Main Building,34.3,12,19.36
2026-08-28 00:08:39,Main Building,30.4,4,17.68
2026-08-28 01:08:39,Main Building,32.4,12,19.76
2026-08-28 02:08:39,Main Building,30.4,11,18.63
2026-08-28 03:08:39,Main Building,32.9,12,15.78
2026-08-28 04:08:39,Main Building,31.5,2,14.86
2026-08-28 05:08:39,Main Building,31.6,17,14.32
2026-08-28 06:08:39,Main Building,30.5,8,18.25
2026-08-28 07:08:39,Main Building,29.6,0,18.47
2026-08-28 08:08:39,Main Building,27.9,0,20.39
2026-08-28 09:08:39,Main Building,29.7,60,71.55
2026-08-28 10:08:39,Main Building,29.1,76,81.72
2026-08-28 11:08:39,Main Building,26.4,96,83.4
2026-08-28 12:08:39,Main Building,26.7,63,67.33
2026-08-28 13:08:39,Main Building,24.9,66,59.72
2026-08-28 14:08:39,Main Building,24.4,105,88.96
2026-08-28 15:08:39,Main Building,29.0,88,83.36
2026-08-28 16:08:39,Main Building,24.5,91,70.91
2026-08-28 17:08:39,Main Building,28.7,83,85.24
2026-08-28 18:08:39,Main Building,28.4,16,15.04
2026-08-28 19:08:39,Main Building,30.1,10,16.05
2026-08-28 20:08:39,Main Building,30.5,6,17.55
2026-08-28 21:08:39,Main Building,28.5,1,22.1
2026-08-28 22:08:39,Main Building,30.5,8,16.42
2026-08-28 23:08:39,Main Building,30.0,10,15.3
2026-08-29 00:08:39,Main Building,31.0,10,17.11
2026-08-29 01:08:39,Main Building,31.6,11,17.69
2026-08-29 02:08:39,Main Building,33.1,5,16.72
2026-08-29 03:08:39,Main Building,33.7,14,15.63
2026-08-29 04:08:39,Main Building,32.1,0,17.05
2026-08-29 05:08:39,Main Building,34.0,5,16.17
2026-08-29 06:08:39,Main Building,31.6,2,16.37
2026-08-29 07:08:39,Main Building,30.7,6,16.76
2026-08-29 08:08:39,Main Building,30.1,12,17.27
2026-08-29 09:08:39,Main Building,27.7,11,25.75
2026-08-29 10:08:39,Main Building,28.2,7,25.63
2026-08-29 11:08:39,Main Building,25.4,9,24.38
2026-08-29 12:08:39,Main Building,24.7,11,26.43
2026-08-29 13:08:39,Main Building,27.3,7,26.82
2026-08-29 14:08:39,Main Building,26.8,12,24.35
2026-08-29 15:08:39,Main Building,26.3,11,26.01
2026-08-29 16:08:39,Main Building,23.3,10,30.43
2026-08-29 17:08:39,Main Building,26.3,6,26.75
2026-08-29 18:08:39,Main Building,28.0,15,15.74
2026-08-29 19:08:39,Main Building,29.3,12,16.86
2026-08-29 20:08:39,Main Building,29.5,15,17.87
2026-08-29 21:08:39,Main Building,28.1,14,16.94
2026-08-29 22:08:39,Main Building,30.6,10,16.85
2026-08-29 23:08:39,Main Building,32.9,9,15.88
2026-08-30 00:08:39,Main Building,31.0,10,18.23
2026-08-30 01:08:39,Main Building,32.8,5,19.49
2026-08-30 02:08:39,Main Building,32.4,16,16.85
2026-08-30 03:08:39,Main Building,32.7,14,18.22
2026-08-30 04:08:39,Main Building,33.2,14,16.68
2026-08-30 05:08:39,Main Building,30.3,11,17.93
2026-08-30 06:08:39,Main Building,30.2,15,18.45
2026-08-30 07:08:39,Main Building,28.4,5,16.86
2026-08-30 08:08:39,Main Building,29.5,7,18.35
2026-08-30 09:08:39,Main Building,28.9,10,23.13
2026-08-30 10:08:39,Main Building,25.5,11,21.73
2026-08-30 11:08:39,Main Building,28.4,9,32.49
2026-08-30 12:08:39,Main Building,29.9,9,25.79
2026-08-30 13:08:39,Main Building,27.6,18,22.72
2026-08-30 14:08:39,Main Building,23.3,6,27.17
2026-08-30 15:08:39,Main Building,26.8,15,23.6
2026-08-30 16:08:39,Main Building,22.9,14,24.34
2026-08-30 17:08:39,Main Building,23.9,10,27.59
2026-08-30 18:08:39,Main Building,27.3,7,16.84
2026-08-30 19:08:39,Main Building,27.7,3,16.29
2026-08-30 20:08:39,Main Building,29.8,11,17.17
2026-08-30 21:08:39,Main Building,28.3,9,14.82
2026-08-30 22:08:39,Main Building,30.8,17,15.53
2026-08-30 23:08:39,Main Building,30.2,11,18.25
2026-08-31 00:08:39,Main Building,30.9,1,14.06
2026-08-31 01:08:39,Main Building,32.1,15,18.55
2026-08-31 02:08:39,Main Building,32.0,6,17.98
2026-08-31 03:08:39,Main Building,30.7,9,18.45
2026-08-31 04:08:39,Main Building,31.6,0,20.61
2026-08-31 05:08:39,Main Building,32.1,2,20.0
2026-08-31 06:08:39,Main Building,29.8,1,16.48
2026-08-31 07:08:39,Main Building,27.1,7,14.34
2026-08-31 08:08:39,Main Building,27.2,0,17.83
2026-08-31 09:08:39,Main Building,28.0,58,60.79
2026-08-31 10:08:39,Main Building,25.7,77,68.15
2026-08-31 11:08:39,Main Building,27.4,85,79.21
2026-08-31 12:08:39,Main Building,28.4,72,71.74
2026-08-31 13:08:39,Main Building,26.5,68,68.04
2026-08-31 14:08:39,Main Building,25.5,94,80.06
2026-08-31 15:08:39,Main Building,24.6,89,67.76
2026-08-31 16:08:39,Main Building,24.0,88,73.8
2026-08-31 17:08:39,Main Building,25.5,87,75.67
2026-08-31 18:08:39,Main Building,24.5,8,19.62
2026-08-31 19:08:39,Main Building,26.7,7,16.29
2026-08-31 20:08:39,Main Building,29.1,0,14.41
2026-08-31 21:08:39,Main Building,29.2,4,17.2
2026-08-31 22:08:39,Main Building,28.7,3,18.54
2026-08-31 23:08:39,Main Building,31.1,5,16.66
2026-09-01 00:08:39,Main Building,29.4,0,18.98
2026-09-01 01:08:39,Main Building,29.7,7,17.59
2026-09-01 02:08:39,Main Building,27.2,10,15.15
2026-09-01 03:08:39,Main Building,26.4,3,20.48
2026-09-01 04:08:39,Main Building,28.2,0,17.38
2026-09-01 05:08:39,Main Building,26.2,1,19.96
2026-09-01 06:08:39,Main Building,24.4,13,19.66
2026-09-01 07:08:39,Main Building,27.4,2,17.7
2026-09-01 08:08:39,Main Building,22.9,2,18.99
2026-09-01 09:08:39,Main Building,26.2,54,58.57
2026-09-01 10:08:39,Main Building,23.3,68,64.56
2026-09-01 11:08:39,Main Building,21.8,89,67.24
2026-09-01 12:08:39,Main Building,21.2,69,58.42
2026-09-01 13:08:39,Main Building,21.5,66,59.6
2026-09-01 14:08:39,Main Building,24.5,95,82.48
2026-09-01 15:08:39,Main Building,20.0,95,67.01
2026-09-01 16:08:39,Main Building,20.2,91,76.46
2026-09-01 17:08:39,Main Building,24.3,86,64.94
2026-09-01 18:08:39,Main Building,23.2,6,18.35
2026-09-01 19:08:39,Main Building,21.5,0,17.87
2026-09-01 20:08:39,Main Building,25.8,0,17.68
2026-09-01 21:08:39,Main Building,26.0,9,19.39
2026-09-01 22:08:39,Main Building,27.4,1,14.18
2026-09-01 23:08:39,Main Building,26.5,10,20.79
2026-09-02 00:08:39,Main Building,28.7,7,18.76
2026-09-02 01:08:39,Main Building,27.1,4,21.34
2026-09-02 02:08:39,Main Building,26.6,13,17.36
2026-09-02 03:08:39,Main Building,29.9,0,19.17
2026-09-02 04:08:39,Main Building,26.5,0,18.44
2026-09-02 05:08:39,Main Building,28.6,0,15.0
2026-09-02 06:08:39,Main Building,26.4,4,19.1
2026-09-02 07:08:39,Main Building,27.2,4,21.71
2026-09-02 08:08:39,Main Building,25.3,3,14.78
2026-09-02 09:08:39,Main Building,23.8,58,62.4
2026-09-02 10:08:39,Main Building,24.2,69,64.76
2026-09-02 11:08:39,Main Building,23.9,97,81.74
2026-09-02 12:08:39,Main Building,23.5,70,64.94
2026-09-02 13:08:39,Main Building,24.0,63,58.75
2026-09-02 14:08:39,Main Building,20.8,96,79.15
2026-09-02 15:08:39,Main Building,21.2,83,64.44
2026-09-02 16:08:39,Main Building,23.8,97,79.24
2026-09-02 17:08:39,Main Building,22.5,78,67.58
2026-09-02 18:08:39,Main Building,22.2,15,19.14
2026-09-02 19:08:39,Main Building,23.4,1,17.81
2026-09-02 20:08:39,Main Building,24.6,10,18.37
2026-09-02 21:08:39,Main Building,24.7,14,18.1
2026-09-02 22:08:39,Main Building,27.7,1,18.73
2026-09-02 23:08:39,Main Building,27.6,0,22.03
2026-09-03 00:08:39,Main Building,29.5,3,15.8
2026-09-03 01:08:39,Main Building,28.4,5,18.71
2026-09-03 02:08:39,Main Building,28.3,7,20.89
2026-09-03 03:08:39,Main Building,28.7,0,20.73
2026-09-03 04:08:39,Main Building,30.1,20,15.75
2026-09-03 05:08:39,Main Building,27.5,0,19.11
2026-09-03 06:08:39,Main Building,25.7,14,16.45
2026-09-03 07:08:39,Main Building,23.2,2,14.05
2026-09-03 08:08:39,Main Building,26.1,0,18.06
2026-09-03 09:08:39,Main Building,21.1,58,62.22
2026-09-03 10:08:39,Main Building,24.0,70,63.84
2026-09-03 11:08:39,Main Building,22.9,92,65.97
2026-09-03 12:08:39,Main Building,23.3,56,52.45
2026-09-03 13:08:39,Main Building,21.4,73,61.61
2026-09-03 14:08:39,Main Building,19.9,90,70.99
2026-09-03 15:08:39,Main Building,22.0,92,68.6
2026-09-03 16:08:39,Main Building,23.4,92,73.36
2026-09-03 17:08:39,Main Building,26.1,77,62.44
2026-09-03 18:08:39,Main Building,24.7,1,17.36
2026-09-03 19:08:39,Main Building,23.1,3,21.2
2026-09-03 20:08:39,Main Building,26.2,9,15.17
2026-09-03 21:08:39,Main Building,24.0,0,16.38
2026-09-03 22:08:39,Main Building,27.9,7,17.56
2026-09-03 23:08:39,Main Building,27.1,1,18.41
2026-09-04 00:08:39,Main Building,28.7,0,18.6
2026-09-04 01:08:39,Main Building,29.3,2,19.4
2026-09-04 02:08:39,Main Building,32.2,4,18.79
2026-09-04 03:08:39,Main Building,26.8,5,18.92
2026-09-04 04:08:39,Main Building,27.9,0,18.41
2026-09-04 05:08:39,Main Building,29.3,7,19.92
2026-09-04 06:08:39,Main Building,26.1,8,18.56
2026-09-04 07:08:39,Main Building,24.4,6,16.02
2026-09-04 08:08:39,Main Building,24.1,5,18.59
2026-09-04 09:08:39,Main Building,22.4,65,61.16
2026-09-04 10:08:39,Main Building,22.4,67,58.58
2026-09-04 11:08:39,Main Building,22.2,90,68.58
2026-09-04 12:08:39,Main Building,19.4,68,57.47
2026-09-04 13:08:39,Main Building,23.1,66,68.59
2026-09-04 14:08:39,Main Building,19.1,101,74.38
2026-09-04 15:08:39,Main Building,23.4,95,81.0
2026-09-04 16:08:39,Main Building,21.8,89,76.6
2026-09-04 17:08:39,Main Building,22.7,86,75.57
2026-09-04 18:08:39,Main Building,22.0,7,16.82
2026-09-04 19:08:39,Main Building,24.0,5,15.0
2026-09-04 20:08:39,Main Building,23.8,11,19.77
2026-09-04 21:08:39,Main Building,25.7,6,17.41
2026-09-04 22:08:39,Main Building,28.5,3,18.46
2026-09-04 23:08:39,Main Building,28.8,1,21.12
2026-09-05 00:08:39,Main Building,25.3,18,16.63
2026-09-05 01:08:39,Main Building,27.5,0,16.55
2026-09-05 02:08:39,Main Building,26.4,6,16.86
2026-09-05 03:08:39,Main Building,29.3,11,17.31
2026-09-05 04:08:39,Main Building,26.0,5,18.8
2026-09-05 05:08:39,Main Building,26.0,18,16.76
2026-09-05 06:08:39,Main Building,26.5,15,18.27
2026-09-05 07:08:39,Main Building,25.6,8,16.94
2026-09-05 08:08:39,Main Building,25.5,14,17.0
2026-09-05 09:08:39,Main Building,25.2,18,26.76
2026-09-05 10:08:39,Main Building,24.0,2,20.74
2026-09-05 11:08:39,Main Building,23.5,9,24.97
2026-09-05 12:08:39,Main Building,22.8,9,28.26
2026-09-05 13:08:39,Main Building,22.2,6,27.98
2026-09-05 14:08:39,Main Building,21.7,12,25.05
2026-09-05 15:08:39,Main Building,21.1,10,26.03
2026-09-05 16:08:39,Main Building,23.1,8,22.33
2026-09-05 17:08:39,Main Building,22.2,13,25.41
2026-09-05 18:08:39,Main Building,23.1,14,16.29
2026-09-05 19:08:39,Main Building,21.9,9,16.52
2026-09-05 20:08:39,Main Building,23.6,9,17.49
2026-09-05 21:08:39,Main Building,25.8,11,18.81
2026-09-05 22:08:39,Main Building,26.0,11,16.49
2026-09-05 23:08:39,Main Building,25.9,7,16.52
2026-09-06 00:08:39,Main Building,28.1,21,16.28
2026-09-06 01:08:39,Main Building,27.3,9,17.4
2026-09-06 02:08:39,Main Building,28.4,16,14.57
2026-09-06 03:08:39,Main Building,24.3,7,18.1
2026-09-06 04:08:39,Main Building,25.2,0,17.57
2026-09-06 05:08:39,Main Building,27.5,4,16.01
2026-09-06 06:08:39,Main Building,25.0,10,16.37
2026-09-06 07:08:39,Main Building,26.5,0,16.14
2026-09-06 08:08:39,Main Building,23.3,8,16.46
2026-09-06 09:08:39,Main Building,25.4,0,26.09
2026-09-06 10:08:39,Main Building,24.3,19,25.04
2026-09-06 11:08:39,Main Building,23.4,0,21.22
2026-09-06 12:08:39,Main Building,23.7,9,28.36
2026-09-06 13:08:39,Main Building,20.0,12,29.74
2026-09-06 14:08:39,Main Building,22.6,11,26.02
2026-09-06 15:08:39,Main Building,19.7,16,24.78
2026-09-06 16:08:39,Main Building,23.2,2,23.64
2026-09-06 17:08:39,Main Building,25.0,8,28.91
2026-09-06 18:08:39,Main Building,23.4,0,17.89
2026-09-06 19:08:39,Main Building,23.3,13,17.03
2026-09-06 20:08:39,Main Building,22.7,10,19.2
2026-09-06 21:08:39,Main Building,26.5,9,18.08
2026-09-06 22:08:39,Main Building,26.8,11,15.91
2026-09-06 23:08:39,Main Building,27.5,15,16.16
2026-09-07 00:08:39,Main Building,29.7,4,16.22
2026-09-07 01:08:39,Main Building,29.4,3,19.52
2026-09-07 02:08:39,Main Building,27.6,4,18.99
2026-09-07 03:08:39,Main Building,28.3,0,15.76
2026-09-07 04:08:39,Main Building,29.0,4,16.95
2026-09-07 05:08:39,Main Building,25.1,0,13.96
2026-09-07 06:08:39,Main Building,26.3,2,16.07
2026-09-07 07:08:39,Main Building,25.7,6,22.19
2026-09-07 08:08:39,Main Building,22.7,10,19.95
2026-09-07 09:08:39,Main Building,23.1,61,55.41
2026-09-07 10:08:39,Main Building,23.8,82,72.63
2026-09-07 11:08:39,Main Building,23.6,87,64.28
2026-09-07 12:08:39,Main Building,22.1,76,55.56
2026-09-07 13:08:39,Main Building,20.5,70,55.08
2026-09-07 14:08:39,Main Building,20.8,92,64.17
2026-09-07 15:08:39,Main Building,20.6,98,67.46
2026-09-07 16:08:39,Main Building,20.0,91,74.16
2026-09-07 17:08:39,Main Building,22.6,82,67.42
2026-09-07 18:08:39,Main Building,20.9,7,18.77
2026-09-07 19:08:39,Main Building,23.6,10,15.75
2026-09-07 20:08:39,Main Building,26.7,5,17.33
2026-09-07 21:08:39,Main Building,25.7,4,20.44
2026-09-07 22:08:39,Main Building,24.9,1,20.07
2026-09-07 23:08:39,Main Building,26.2,9,21.4
2026-09-08 00:08:39,Main Building,27.0,8,15.69
2026-09-08 01:08:39,Main Building,29.0,5,18.95
2026-09-08 02:08:39,Main Building,27.0,0,19.01
2026-09-08 03:08:39,Main Building,24.8,3,19.88
2026-09-08 04:08:39,Main Building,27.9,14,20.05
2026-09-08 05:08:39,Main Building,26.1,5,17.91
2026-09-08 06:08:39,Main Building,24.1,0,16.88
2026-09-08 07:08:39,Main Building,22.7,5,17.5
2026-09-08 08:08:39,Main Building,22.5,7,19.43
2026-09-08 09:08:39,Main Building,24.6,58,62.16
2026-09-08 10:08:39,Main Building,24.5,76,63.88
2026-09-08 11:08:39,Main Building,23.3,95,72.12
2026-09-08 12:08:39,Main Building,25.5,67,65.66
2026-09-08 13:08:39,Main Building,21.1,71,51.79
2026-09-08 14:08:39,Main Building,21.2,89,70.18
2026-09-08 15:08:39,Main Building,23.6,98,65.34
2026-09-08 16:08:39,Main Building,25.5,96,76.12
2026-09-08 17:08:39,Main Building,23.1,85,66.37
2026-09-08 18:08:39,Main Building,23.8,1,17.19
2026-09-08 19:08:39,Main Building,23.2,0,18.29
2026-09-08 20:08:39,Main Building,25.9,7,19.64
2026-09-08 21:08:39,Main Building,26.3,2,19.68
2026-09-08 22:08:39,Main Building,24.5,0,16.07
2026-09-08 23:08:39,Main Building,28.7,9,18.97
2026-09-09 00:08:39,Main Building,29.2,0,18.7
2026-09-09 01:08:39,Main Building,27.7,9,17.77
2026-09-09 02:08:39,Main Building,27.4,7,19.75
2026-09-09 03:08:39,Main Building,26.9,4,15.88
2026-09-09 04:08:39,Main Building,23.9,6,19.22
2026-09-09 05:08:39,Main Building,27.5,0,17.3
2026-09-09 06:08:39,Main Building,23.2,11,15.83
2026-09-09 07:08:39,Main Building,27.7,9,16.2
2026-09-09 08:08:39,Main Building,23.3,6,16.31
2026-09-09 09:08:39,Main Building,24.4,57,49.39
2026-09-09 10:08:39,Main Building,20.2,76,60.19
2026-09-09 11:08:39,Main Building,22.0,93,77.37
2026-09-09 12:08:39,Main Building,22.0,68,61.5
2026-09-09 13:08:39,Main Building,20.1,71,63.26
2026-09-09 14:08:39,Main Building,23.0,85,65.69
2026-09-09 15:08:39,Main Building,20.8,95,74.9
2026-09-09 16:08:39,Main Building,24.6,92,73.71
2026-09-09 17:08:39,Main Building,24.6,86,79.54
2026-09-09 18:08:39,Main Building,23.9,0,15.33
2026-09-09 19:08:39,Main Building,21.9,8,20.38
2026-09-09 20:08:39,Main Building,27.8,9,20.33
2026-09-09 21:08:39,Main Building,24.9,0,19.7
2026-09-09 22:08:39,Main Building,27.1,5,18.77
2026-09-09 23:08:39,Main Building,27.6,11,20.59
2026-09-10 00:08:39,Main Building,28.4,9,19.03
2026-09-10 01:08:39,Main Building,27.2,8,15.21
2026-09-10 02:08:39,Main Building,29.6,0,18.57
2026-09-10 03:08:39,Main Building,26.6,7,17.93
2026-09-10 04:08:39,Main Building,25.2,7,16.84
2026-09-10 05:08:39,Main Building,28.4,5,18.79
2026-09-10 06:08:39,Main Building,25.1,2,17.08
2026-09-10 07:08:39,Main Building,27.1,13,16.39
2026-09-10 08:08:39,Main Building,26.6,0,15.61
2026-09-10 09:08:39,Main Building,22.8,53,144.58
2026-09-10 10:08:39,Main Building,24.1,73,67.6
2026-09-10 11:08:39,Main Building,23.9,91,77.59
2026-09-10 12:08:39,Main Building,22.3,64,62.89
2026-09-10 13:08:39,Main Building,21.2,65,56.61
2026-09-10 14:08:39,Main Building,20.6,92,72.72
2026-09-10 15:08:39,Main Building,22.6,90,68.76
2026-09-10 16:08:39,Main Building,24.0,97,87.88
2026-09-10 17:08:39,Main Building,24.6,90,68.26
2026-09-10 18:08:39,Main Building,24.6,4,16.9
2026-09-10 19:08:39,Main Building,24.5,9,19.0
2026-09-10 20:08:39,Main Building,23.7,8,16.72
2026-09-10 21:08:39,Main Building,26.1,3,17.56
2026-09-10 22:08:39,Main Building,27.6,0,21.89
2026-09-10 23:08:39,Main Building,24.4,2,18.74
2026-09-11 00:08:39,Main Building,28.5,4,17.89
2026-09-11 01:08:39,Main Building,28.5,3,20.79
2026-09-11 02:08:39,Main Building,29.3,9,16.07
2026-09-11 03:08:39,Main Building,27.8,3,15.99
2026-09-11 04:08:39,Main Building,28.1,2,19.31
2026-09-11 05:08:39,Main Building,25.5,13,16.21
2026-09-11 06:08:39,Main Building,26.8,8,16.86
2026-09-11 07:08:39,Main Building,27.1,0,20.9
2026-09-11 08:08:39,Main Building,25.0,2,17.4
2026-09-11 09:08:39,Main Building,25.4,57,56.55
2026-09-11 10:08:39,Main Building,23.2,69,71.0
2026-09-11 11:08:39,Main Building,22.0,94,73.05
2026-09-11 12:08:39,Main Building,20.9,69,63.42
2026-09-11 13:08:39,Main Building,21.8,75,67.61
2026-09-11 14:08:39,Main Building,23.4,92,68.4
2026-09-11 15:08:39,Main Building,21.2,95,75.23
2026-09-11 16:08:39,Main Building,19.1,94,72.79
2026-09-11 17:08:39,Main Building,22.5,91,73.61
2026-09-11 18:08:39,Main Building,25.5,3,19.87
2026-09-11 19:08:39,Main Building,26.7,11,15.82
2026-09-11 20:08:39,Main Building,24.6,3,18.98
2026-09-11 21:08:39,Main Building,26.8,0,18.14
2026-09-11 22:08:39,Main Building,23.5,12,16.98
2026-09-11 23:08:39,Main Building,27.2,3,20.29
2026-09-12 00:08:39,Main Building,23.3,9,16.89
2026-09-12 01:08:39,Main Building,27.2,18,16.11
2026-09-12 02:08:39,Main Building,29.2,11,18.26
2026-09-12 03:08:39,Main Building,26.9,6,18.1
2026-09-12 04:08:39,Main Building,28.2,2,16.46
2026-09-12 05:08:39,Main Building,27.7,14,16.32
2026-09-12 06:08:39,Main Building,22.1,12,15.78
2026-09-12 07:08:39,Main Building,22.8,0,17.81
2026-09-12 08:08:39,Main Building,25.2,8,18.39
2026-09-12 09:08:39,Main Building,25.2,18,23.21
2026-09-12 10:08:39,Main Building,23.4,1,25.54
2026-09-12 11:08:39,Main Building,22.5,13,26.09
2026-09-12 12:08:39,Main Building,23.3,13,30.31
2026-09-12 13:08:39,Main Building,21.6,5,26.49
2026-09-12 14:08:39,Main Building,20.8,17,25.43
2026-09-12 15:08:39,Main Building,21.3,7,27.44
2026-09-12 16:08:39,Main Building,22.2,6,29.33
2026-09-12 17:08:39,Main Building,21.6,10,27.3
2026-09-12 18:08:39,Main Building,21.1,12,15.94
2026-09-12 19:08:39,Main Building,25.5,5,17.69
2026-09-12 20:08:39,Main Building,26.7,14,17.25
2026-09-12 21:08:39,Main Building,25.4,7,18.47
2026-09-12 22:08:39,Main Building,25.5,4,17.67
2026-09-12 23:08:39,Main Building,25.9,5,15.56
2026-09-13 00:08:39,Main Building,26.9,9,17.24
2026-09-13 01:08:39,Main Building,29.3,12,16.81
2026-09-13 02:08:39,Main Building,27.7,12,18.27
2026-09-13 03:08:39,Main Building,28.1,7,16.01
2026-09-13 04:08:39,Main Building,25.4,13,17.58
2026-09-13 05:08:39,Main Building,28.0,9,18.41
2026-09-13 06:08:39,Main Building,25.8,14,16.96
2026-09-13 07:08:39,Main Building,24.9,12,17.41
2026-09-13 08:08:39,Main Building,25.5,10,16.96
2026-09-13 09:08:39,Main Building,27.8,15,27.45
2026-09-13 10:08:39,Main Building,23.7,15,27.04
2026-09-13 11:08:39,Main Building,22.9,8,25.84
2026-09-13 12:08:39,Main Building,17.6,11,25.02
2026-09-13 13:08:39,Main Building,24.5,10,23.62
2026-09-13 14:08:39,Main Building,21.9,4,26.95
2026-09-13 15:08:39,Main Building,22.5,14,24.42
2026-09-13 16:08:39,Main Building,22.5,3,27.4
2026-09-13 17:08:39,Main Building,23.7,12,26.0
2026-09-13 18:08:39,Main Building,24.1,18,16.71
2026-09-13 19:08:39,Main Building,24.4,4,16.13
2026-09-13 20:08:39,Main Building,25.1,15,16.74
2026-09-13 21:08:39,Main Building,25.4,7,16.47
2026-09-13 22:08:39,Main Building,26.9,2,18.28
2026-09-13 23:08:39,Main Building,26.1,13,15.73
2026-09-14 00:08:39,Main Building,28.6,8,18.77
2026-09-14 01:08:39,Main Building,26.4,6,15.63
2026-09-14 02:08:39,Main Building,27.6,10,19.59
2026-09-14 03:08:39,Main Building,27.9,0,19.29
2026-09-14 04:08:39,Main Building,27.6,0,19.57
2026-09-14 05:08:39,Main Building,27.1,11,15.81
2026-09-14 06:08:39,Main Building,21.7,6,18.58
2026-09-14 07:08:39,Main Building,23.2,0,23.51
2026-09-14 08:08:39,Main Building,24.5,8,16.7
2026-09-14 09:08:39,Main Building,21.1,59,53.17
2026-09-14 10:08:39,Main Building,22.9,74,65.12
2026-09-14 11:08:39,Main Building,22.7,83,70.33
2026-09-14 12:08:39,Main Building,19.5,59,58.2
2026-09-14 13:08:39,Main Building,22.9,69,54.32
2026-09-14 14:08:39,Main Building,20.9,93,63.52
2026-09-14 15:08:39,Main Building,21.0,98,81.14
2026-09-14 16:08:39,Main Building,21.8,98,64.43
2026-09-14 17:08:39,Main Building,23.9,80,70.34
2026-09-14 18:08:39,Main Building,23.1,11,16.25
2026-09-14 19:08:39,Main Building,25.2,3,17.68
2026-09-14 20:08:39,Main Building,24.7,0,17.97
2026-09-14 21:08:39,Main Building,25.7,6,18.17
2026-09-14 22:08:39,Main Building,27.7,9,15.9
2026-09-14 23:08:39,Main Building,28.4,0,19.18
2026-09-15 00:08:39,Main Building,28.5,0,18.19
2026-09-15 01:08:39,Main Building,27.2,1,20.7
2026-09-15 02:08:39,Main Building,27.0,0,18.15
2026-09-15 03:08:39,Main Building,28.9,4,20.33
2026-09-15 04:08:39,Main Building,28.4,0,16.94
2026-09-15 05:08:39,Main Building,26.3,7,12.75
2026-09-15 06:08:39,Main Building,30.3,7,18.3
2026-09-15 07:08:39,Main Building,27.5,16,19.74
2026-09-15 08:08:39,Main Building,26.4,5,17.72
2026-09-15 09:08:39,Main Building,23.5,55,52.06
2026-09-15 10:08:39,Main Building,21.5,74,53.58
2026-09-15 11:08:39,Main Building,23.2,89,72.63
2026-09-15 12:08:39,Main Building,21.6,85,74.3
2026-09-15 13:08:39,Main Building,20.2,71,57.46
2026-09-15 14:08:39,Main Building,20.5,88,71.16
2026-09-15 15:08:39,Main Building,21.1,99,79.47
2026-09-15 16:08:39,Main Building,24.5,90,77.38
2026-09-15 17:08:39,Main Building,23.8,82,65.74
2026-09-15 18:08:39,Main Building,25.9,6,19.27
2026-09-15 19:08:39,Main Building,23.0,0,16.86
2026-09-15 20:08:39,Main Building,24.8,0,17.98
2026-09-15 21:08:39,Main Building,23.2,0,19.34
2026-09-15 22:08:39,Main Building,27.4,3,15.96
2026-09-15 23:08:39,Main Building,25.6,3,19.29
2026-09-16 00:08:39,Main Building,29.0,2,15.69
2026-09-16 01:08:39,Main Building,28.3,0,16.96
2026-09-16 02:08:39,Main Building,30.0,9,18.32
2026-09-16 03:08:39,Main Building,26.0,6,20.13
2026-09-16 04:08:39,Main Building,27.0,11,20.59
2026-09-16 05:08:39,Main Building,29.6,6,19.17
2026-09-16 06:08:39,Main Building,28.6,7,17.0
2026-09-16 07:08:39,Main Building,25.1,6,15.42
2026-09-16 08:08:39,Main Building,24.8,10,13.62
2026-09-16 09:08:39,Main Building,26.5,65,64.2
2026-09-16 10:08:39,Main Building,24.3,75,73.25
2026-09-16 11:08:39,Main Building,24.4,82,73.74
2026-09-16 12:08:39,Main Building,22.1,70,56.56
2026-09-16 13:08:39,Main Building,24.7,75,64.2
2026-09-16 14:08:39,Main Building,20.0,93,73.67
2026-09-16 15:08:39,Main Building,22.5,101,80.45
2026-09-16 16:08:39,Main Building,23.9,96,69.85
2026-09-16 17:08:39,Main Building,22.6,90,70.94
2026-09-16 18:08:39,Main Building,24.3,3,15.94
2026-09-16 19:08:39,Main Building,24.0,6,16.69
2026-09-16 20:08:39,Main Building,24.6,0,20.24
2026-09-16 21:08:39,Main Building,25.3,12,21.06
2026-09-16 22:08:39,Main Building,26.4,0,13.83
2026-09-16 23:08:39,Main Building,24.9,0,20.76
2026-09-17 00:08:39,Main Building,27.8,6,13.56
2026-09-17 01:08:39,Main Building,26.1,9,18.57
2026-09-17 02:08:39,Main Building,27.8,7,21.27
2026-09-17 03:08:39,Main Building,27.6,5,18.39
2026-09-17 04:08:39,Main Building,31.2,0,19.37
2026-09-17 05:08:39,Main Building,26.9,7,16.69
2026-09-17 06:08:39,Main Building,26.4,8,24.23
2026-09-17 07:08:39,Main Building,27.0,0,17.15
2026-09-17 08:08:39,Main Building,24.3,0,17.34
2026-09-17 09:08:39,Main Building,25.3,53,63.34
2026-09-17 10:08:39,Main Building,24.2,71,64.19
2026-09-17 11:08:39,Main Building,25.3,93,78.14
2026-09-17 12:08:39,Main Building,22.0,70,57.44
2026-09-17 13:08:39,Main Building,18.9,80,65.78
2026-09-17 14:08:39,Main Building,22.6,94,69.52
2026-09-17 15:08:39,Main Building,21.8,87,79.89
2026-09-17 16:08:39,Main Building,20.6,89,67.3
2026-09-17 17:08:39,Main Building,24.8,85,66.92
2026-09-17 18:08:39,Main Building,25.4,8,19.08
2026-09-17 19:08:39,Main Building,25.3,16,22.37
2026-09-17 20:08:39,Main Building,24.0,13,18.77
2026-09-17 21:08:39,Main Building,26.5,0,17.66
2026-09-17 22:08:39,Main Building,25.3,9,20.14
2026-09-17 23:08:39,Main Building,24.0,4,20.24
2026-09-18 00:08:39,Main Building,27.3,8,18.7
2026-09-18 01:08:39,Main Building,28.4,3,15.57
2026-09-18 02:08:39,Main Building,26.3,8,18.04
2026-09-18 03:08:39,Main Building,27.7,2,17.39
2026-09-18 04:08:39,Main Building,29.2,3,15.32
2026-09-18 05:08:39,Main Building,28.2,3,18.06
2026-09-18 06:08:39,Main Building,28.9,4,18.58
2026-09-18 07:08:39,Main Building,24.0,3,19.22
2026-09-18 08:08:39,Main Building,22.7,6,18.2
2026-09-18 09:08:39,Main Building,24.3,65,63.77
2026-09-18 10:08:39,Main Building,25.7,70,68.08
2026-09-18 11:08:39,Main Building,23.0,84,73.78
2026-09-18 12:08:39,Main Building,25.9,69,69.83
2026-09-18 13:08:39,Main Building,22.2,66,49.3
2026-09-18 14:08:39,Main Building,20.9,88,77.52
2026-09-18 15:08:39,Main Building,21.9,93,75.95
2026-09-18 16:08:39,Main Building,20.7,91,70.84
2026-09-18 17:08:39,Main Building,24.4,87,74.54
2026-09-18 18:08:39,Main Building,23.6,7,18.4
2026-09-18 19:08:39,Main Building,22.7,5,15.85
2026-09-18 20:08:39,Main Building,25.1,2,23.08
2026-09-18 21:08:39,Main Building,25.7,0,17.73
2026-09-18 22:08:39,Main Building,27.3,13,16.82
2026-09-18 23:08:39,Main Building,24.7,9,15.24
2026-09-19 00:08:39,Main Building,26.9,8,16.93
2026-09-19 01:08:39,Main Building,28.9,6,16.73
2026-09-19 02:08:39,Main Building,28.0,10,17.1
2026-09-19 03:08:39,Main Building,28.6,14,17.39
2026-09-19 04:08:39,Main Building,28.3,2,17.05
2026-09-19 05:08:39,Main Building,27.8,13,16.31
2026-09-19 06:08:39,Main Building,25.5,7,17.54
2026-09-19 07:08:39,Main Building,27.3,7,17.91
2026-09-19 08:08:39,Main Building,25.2,9,16.79
2026-09-19 09:08:39,Main Building,25.3,11,30.55
2026-09-19 10:08:39,Main Building,22.2,12,24.94
2026-09-19 11:08:39,Main Building,21.6,9,26.27
2026-09-19 12:08:39,Main Building,26.8,9,23.74
2026-09-19 13:08:39,Main Building,22.5,0,25.82
2026-09-19 14:08:39,Main Building,22.0,13,27.95
2026-09-19 15:08:39,Main Building,21.3,9,24.47
2026-09-19 16:08:39,Main Building,20.7,11,23.45
2026-09-19 17:08:39,Main Building,22.3,5,27.1
2026-09-19 18:08:39,Main Building,26.2,3,15.15
2026-09-19 19:08:39,Main Building,24.0,10,17.22
2026-09-19 20:08:39,Main Building,24.3,8,17.37
2026-09-19 21:08:39,Main Building,27.3,0,16.63
2026-09-19 22:08:39,Main Building,26.8,5,18.73
2026-09-19 23:08:39,Main Building,26.2,9,17.56
2026-09-20 00:08:39,Main Building,26.7,0,16.57
2026-09-20 01:08:39,Main Building,29.4,8,16.15
2026-09-20 02:08:39,Main Building,29.4,8,16.49
2026-09-20 03:08:39,Main Building,28.1,13,19.38
2026-09-20 04:08:39,Main Building,28.8,15,16.49
2026-09-20 05:08:39,Main Building,25.6,10,17.11
2026-09-20 06:08:39,Main Building,24.9,9,17.4
2026-09-20 07:08:39,Main Building,26.3,12,17.29
2026-09-20 08:08:39,Main Building,24.2,7,15.8
2026-09-20 09:08:39,Main Building,26.9,10,25.55
2026-09-20 10:08:39,Main Building,22.1,24,23.85
2026-09-20 11:08:39,Main Building,22.2,12,27.2
2026-09-20 12:08:39,Main Building,23.8,19,27.01
2026-09-20 13:08:39,Main Building,20.5,8,26.62
2026-09-20 14:08:39,Main Building,25.1,3,28.41
2026-09-20 15:08:39,Main Building,22.4,14,25.8
2026-09-20 16:08:39,Main Building,21.1,13,27.31
2026-09-20 17:08:39,Main Building,24.3,9,24.8
2026-09-20 18:08:39,Main Building,21.2,14,17.42
2026-09-20 19:08:39,Main Building,22.8,7,16.53
2026-09-20 20:08:39,Main Building,22.8,5,15.87
2026-09-20 21:08:39,Main Building,25.2,6,15.37
2026-09-20 22:08:39,Main Building,29.5,16,16.22
2026-09-20 23:08:39,Main Building,27.5,12,18.19
2026-09-21 00:08:39,Main Building,26.4,10,16.9
2026-09-21 01:08:39,Main Building,25.9,8,20.58
2026-09-21 02:08:39,Main Building,31.9,0,19.4
2026-09-21 03:08:39,Main Building,27.3,8,15.06
2026-09-21 04:08:39,Main Building,25.7,1,18.16
2026-09-21 05:08:39,Main Building,26.2,8,20.05
2026-09-21 06:08:39,Main Building,27.4,13,18.83
2026-09-21 07:08:39,Main Building,24.0,11,16.79
2026-09-21 08:08:39,Main Building,26.4,12,18.91
2026-09-21 09:08:39,Main Building,22.0,55,59.11
2026-09-21 10:08:39,Main Building,23.2,75,68.69
2026-09-21 11:08:39,Main Building,23.9,91,73.26
2026-09-21 12:08:39,Main Building,21.9,74,64.77
2026-09-21 13:08:39,Main Building,21.7,75,61.85
2026-09-21 14:08:39,Main Building,20.7,91,65.61
2026-09-21 15:08:39,Main Building,21.7,101,71.47
2026-09-21 16:08:39,Main Building,22.7,91,70.6
2026-09-21 17:08:39,Main Building,20.6,83,65.53
2026-09-21 18:08:39,Main Building,24.3,6,15.6
2026-09-21 19:08:39,Main Building,25.8,6,18.4
2026-09-21 20:08:39,Main Building,25.0,2,18.44
2026-09-21 21:08:39,Main Building,26.5,0,16.92
2026-09-21 22:08:39,Main Building,26.1,6,20.39
2026-09-21 23:08:39,Main Building,26.0,2,16.97
2026-09-22 00:08:39,Main Building,26.4,3,19.54
2026-09-22 01:08:39,Main Building,26.3,7,14.6
2026-09-22 02:08:39,Main Building,27.2,3,21.35
2026-09-22 03:08:39,Main Building,27.5,0,14.0
2026-09-22 04:08:39,Main Building,27.6,8,18.75
2026-09-22 05:08:39,Main Building,27.4,10,16.92
2026-09-22 06:08:39,Main Building,27.8,0,16.19
2026-09-22 07:08:39,Main Building,23.1,3,17.91
2026-09-22 08:08:39,Main Building,25.2,5,16.14
2026-09-22 09:08:39,Main Building,23.9,52,61.62
2026-09-22 10:08:39,Main Building,23.0,72,70.94
2026-09-22 11:08:39,Main Building,21.0,84,61.52
2026-09-22 12:08:39,Main Building,22.3,72,65.3
2026-09-22 13:08:39,Main Building,26.0,58,65.04
2026-09-22 14:08:39,Main Building,21.2,92,67.9
2026-09-22 15:08:39,Main Building,20.7,103,80.71
2026-09-22 16:08:39,Main Building,22.4,101,68.74
2026-09-22 17:08:39,Main Building,20.9,74,58.5
2026-09-22 18:08:39,Main Building,23.7,5,18.3
2026-09-22 19:08:39,Main Building,22.1,9,18.48
2026-09-22 20:08:39,Main Building,26.1,0,18.62
2026-09-22 21:08:39,Main Building,24.0,3,19.07
2026-09-22 22:08:39,Main Building,26.6,0,18.01
2026-09-22 23:08:39,Main Building,24.8,10,17.59
2026-09-23 00:08:39,Main Building,29.3,2,16.95
2026-09-23 01:08:39,Main Building,26.8,9,16.58
2026-09-23 02:08:39,Main Building,29.0,3,14.05
2026-09-23 03:08:39,Main Building,27.0,0,18.07
2026-09-23 04:08:39,Main Building,25.8,9,17.82
2026-09-23 05:08:39,Main Building,26.9,8,19.93
2026-09-23 06:08:39,Main Building,26.5,1,14.45
2026-09-23 07:08:39,Main Building,24.7,1,18.21
2026-09-23 08:08:39,Main Building,24.5,8,16.77
2026-09-23 09:08:39,Main Building,24.1,65,63.41
2026-09-23 10:08:39,Main Building,23.4,71,60.13
2026-09-23 11:08:39,Main Building,21.6,87,72.28
2026-09-23 12:08:39,Main Building,22.1,63,65.54
2026-09-23 13:08:39,Main Building,22.6,62,54.99
2026-09-23 14:08:39,Main Building,22.2,103,71.36
2026-09-23 15:08:39,Main Building,23.6,101,75.56
2026-09-23 16:08:39,Main Building,22.0,89,68.48
2026-09-23 17:08:39,Main Building,22.8,88,76.05
2026-09-23 18:08:39,Main Building,22.4,0,17.96
2026-09-23 19:08:39,Main Building,24.7,6,17.35
2026-09-23 20:08:39,Main Building,25.2,12,18.76
2026-09-23 21:08:39,Main Building,25.2,2,17.66
2026-09-23 22:08:39,Main Building,29.0,4,17.96
2026-09-23 23:08:39,Main Building,26.4,10,21.92
2026-09-24 00:08:39,Main Building,28.3,5,70.86
2026-09-24 01:08:39,Main Building,24.3,8,18.27
2026-09-24 02:08:39,Main Building,28.6,1,17.23
2026-09-24 03:08:39,Main Building,27.3,10,17.24
2026-09-24 04:08:39,Main Building,30.7,7,15.45
2026-09-24 05:08:39,Main Building,26.9,1,13.61
2026-09-24 06:08:39,Main Building,28.9,8,19.07
2026-09-24 07:08:39,Main Building,26.0,0,17.03
2026-09-24 08:08:39,Main Building,26.3,0,12.94
2026-09-24 09:08:39,Main Building,23.9,59,58.98
2026-09-24 10:08:39,Main Building,24.6,78,70.49
2026-09-24 11:08:39,Main Building,24.7,82,73.92
2026-09-24 12:08:39,Main Building,23.3,63,51.59
2026-09-24 13:08:39,Main Building,21.0,66,61.77
2026-09-24 14:08:39,Main Building,21.1,90,66.94
2026-09-24 15:08:39,Main Building,23.8,95,75.2
2026-09-24 16:08:39,Main Building,22.2,101,72.15
2026-09-24 17:08:39,Main Building,24.9,86,73.0
2026-09-24 18:08:39,Main Building,27.3,0,17.29
2026-09-24 19:08:39,Main Building,22.4,9,21.38
2026-09-24 20:08:39,Main Building,27.5,11,17.6
2026-09-24 21:08:39,Main Building,25.2,0,22.07
2026-09-24 22:08:39,Main Building,27.2,2,20.66
2026-09-24 23:08:39,Main Building,25.7,7,17.65
2026-09-25 00:08:39,Main Building,28.6,4,62.75
2026-09-25 01:08:39,Main Building,28.0,10,17.94
2026-09-25 02:08:39,Main Building,29.2,0,17.95
2026-09-25 03:08:39,Main Building,27.0,8,18.06
2026-09-25 04:08:39,Main Building,28.6,10,19.38
2026-09-25 05:08:39,Main Building,27.5,0,17.99
2026-09-25 06:08:39,Main Building,25.7,3,17.25
2026-09-25 07:08:39,Main Building,24.3,0,16.66
2026-09-25 08:08:39,Main Building,25.3,0,18.03
2026-09-25 09:08:39,Main Building,27.1,65,75.92
2026-09-25 10:08:39,Main Building,24.1,80,65.58
2026-09-25 11:08:39,Main Building,21.9,76,68.93
2026-09-25 12:08:39,Main Building,24.7,67,62.63
2026-09-25 13:08:39,Main Building,21.0,71,66.12
2026-09-25 14:08:39,Main Building,19.4,97,72.12
2026-09-25 15:08:39,Main Building,22.3,97,73.16
2026-09-25 16:08:39,Main Building,22.2,93,76.75
2026-09-25 17:08:39,Main Building,23.5,86,64.65
2026-09-25 18:08:39,Main Building,22.9,9,18.08
2026-09-25 19:08:39,Main Building,25.2,13,20.08
2026-09-25 20:08:39,Main Building,25.1,2,12.89
2026-09-25 21:08:39,Main Building,25.5,3,18.78
2026-09-25 22:08:39,Main Building,26.3,3,14.44
2026-09-25 23:08:39,Main Building,25.7,7,21.43
2026-09-26 00:08:39,Main Building,27.5,11,77.66
2026-09-26 01:08:39,Main Building,26.7,11,16.26
2026-09-26 02:08:39,Main Building,29.3,10,17.3
2026-09-26 03:08:39,Main Building,26.7,13,19.08
2026-09-26 04:08:39,Main Building,26.1,8,17.23
2026-09-26 05:08:39,Main Building,28.3,7,14.17
2026-09-26 06:08:39,Main Building,28.5,13,15.26
2026-09-26 07:08:39,Main Building,24.9,17,18.45
2026-09-26 08:08:39,Main Building,26.4,9,17.08
2026-09-26 09:08:39,Main Building,24.0,15,24.25
2026-09-26 10:08:39,Main Building,22.3,15,25.91
2026-09-26 11:08:39,Main Building,24.9,6,25.89
2026-09-26 12:08:39,Main Building,21.0,10,23.04
2026-09-26 13:08:39,Main Building,21.4,2,27.39
2026-09-26 14:08:39,Main Building,23.1,1,28.67
2026-09-26 15:08:39,Main Building,25.8,10,24.72
2026-09-26 16:08:39,Main Building,26.6,3,26.04
2026-09-26 17:08:39,Main Building,23.1,16,26.72
2026-09-26 18:08:39,Main Building,22.8,5,16.66
2026-09-26 19:08:39,Main Building,22.7,10,16.44
2026-09-26 20:08:39,Main Building,22.8,16,16.5
2026-09-26 21:08:39,Main Building,23.9,9,17.07
2026-09-26 22:08:39,Main Building,23.9,11,15.95
2026-09-26 23:08:39,Main Building,29.7,12,16.6
2026-09-27 00:08:39,Main Building,26.5,9,75.31
2026-09-27 01:08:39,Main Building,27.9,8,54.59
2026-09-27 02:08:39,Main Building,27.1,8,14.91
2026-09-27 03:08:39,Main Building,29.4,11,16.23
2026-09-27 04:08:39,Main Building,30.4,10,15.96
2026-09-27 05:08:39,Main Building,28.4,11,17.39
2026-09-27 06:08:39,Main Building,25.9,12,16.74
2026-09-27 07:08:39,Main Building,26.6,0,16.57
2026-09-27 08:08:39,Main Building,27.6,6,16.4
2026-09-27 09:08:39,Main Building,23.6,3,21.58
2026-09-27 10:08:39,Main Building,23.2,10,25.89
2026-09-27 11:08:39,Main Building,22.7,10,28.05
2026-09-27 12:08:39,Main Building,22.1,7,25.44
2026-09-27 13:08:39,Main Building,23.0,17,24.74
2026-09-27 14:08:39,Main Building,22.1,11,24.01
2026-09-27 15:08:39,Main Building,22.1,2,22.46
2026-09-27 16:08:39,Main Building,23.0,8,26.4
2026-09-27 17:08:39,Main Building,22.9,5,25.91
2026-09-27 18:08:39,Main Building,21.7,16,15.64
2026-09-27 19:08:39,Main Building,23.9,4,17.57
2026-09-27 20:08:39,Main Building,24.5,7,17.85
2026-09-27 21:08:39,Main Building,25.8,12,16.02
2026-09-27 22:08:39,Main Building,24.4,10,16.68
2026-09-27 23:08:39,Main Building,28.1,9,17.21
2026-09-28 00:08:39,Main Building,25.2,14,61.79
2026-09-28 01:08:39,Main Building,28.9,0,18.62
2026-09-28 02:08:39,Main Building,26.0,7,17.29
2026-09-28 03:08:39,Main Building,27.9,8,15.53
2026-09-28 04:08:39,Main Building,26.6,7,22.2
2026-09-28 05:08:39,Main Building,26.9,7,17.79
2026-09-28 06:08:39,Main Building,29.4,0,18.19
2026-09-28 07:08:39,Main Building,23.3,0,18.59
2026-09-28 08:08:39,Main Building,25.2,3,17.79
2026-09-28 09:08:39,Main Building,28.9,58,70.35
2026-09-28 10:08:39,Main Building,22.5,76,62.81
2026-09-28 11:08:39,Main Building,22.3,99,80.99
2026-09-28 12:08:39,Main Building,22.6,58,53.39
2026-09-28 13:08:39,Main Building,26.2,68,72.92
2026-09-28 14:08:39,Main Building,24.2,96,73.19
2026-09-28 15:08:39,Main Building,18.4,98,69.93
2026-09-28 16:08:39,Main Building,22.7,88,69.07
2026-09-28 17:08:39,Main Building,22.9,86,64.23
2026-09-28 18:08:39,Main Building,25.3,2,14.65
2026-09-28 19:08:39,Main Building,24.1,5,18.32
2026-09-28 20:08:39,Main Building,27.0,3,17.76
2026-09-28 21:08:39,Main Building,24.1,9,18.37
2026-09-28 22:08:39,Main Building,25.9,0,20.89
2026-09-28 23:08:39,Main Building,25.3,2,18.72
2026-09-29 00:08:39,Main Building,25.8,0,73.05
2026-09-29 01:08:39,Main Building,29.0,2,23.85
2026-09-29 02:08:39,Main Building,26.5,0,16.87
2026-09-29 03:08:39,Main Building,28.3,2,19.22
2026-09-29 04:08:39,Main Building,26.1,0,14.4
2026-09-29 05:08:39,Main Building,23.8,2,17.4
2026-09-29 06:08:39,Main Building,25.6,11,20.46
2026-09-29 07:08:39,Main Building,25.3,0,16.87
2026-09-29 08:08:39,Main Building,24.1,1,16.6
2026-09-29 09:08:39,Main Building,23.2,58,53.22
2026-09-29 10:08:39,Main Building,23.8,76,62.05
2026-09-29 11:08:39,Main Building,24.8,85,65.01
2026-09-29 12:08:39,Main Building,23.0,65,61.11
2026-09-29 13:08:39,Main Building,18.5,76,66.36
2026-09-29 14:08:39,Main Building,19.7,87,76.86
2026-09-29 15:08:39,Main Building,21.0,90,58.67
2026-09-29 16:08:39,Main Building,21.9,93,75.08
2026-09-29 17:08:39,Main Building,20.8,77,65.75
2026-09-29 18:08:39,Main Building,25.0,0,20.16
2026-09-29 19:08:39,Main Building,24.3,10,17.86
2026-09-29 20:08:39,Main Building,21.2,4,20.12
2026-09-29 21:08:39,Main Building,24.4,3,17.65
2026-09-29 22:08:39,Main Building,22.2,13,16.2
2026-09-29 23:08:39,Main Building,27.9,4,20.52
2026-09-30 00:08:39,Main Building,28.2,3,77.98
2026-09-30 01:08:39,Main Building,29.1,0,19.29
2026-09-30 02:08:39,Main Building,26.4,11,18.32
2026-09-30 03:08:39,Main Building,28.9,5,14.5
2026-09-30 04:08:39,Main Building,26.3,8,18.33
2026-09-30 05:08:39,Main Building,28.9,7,16.07
2026-09-30 06:08:39,Main Building,25.3,5,13.37
2026-09-30 07:08:39,Main Building,28.3,7,20.45
2026-09-30 08:08:39,Main Building,22.6,11,22.46
2026-09-30 09:08:39,Main Building,22.2,63,56.91
2026-09-30 10:08:39,Main Building,21.2,77,67.67
2026-09-30 11:08:39,Main Building,22.0,95,64.17
2026-09-30 12:08:39,Main Building,20.2,70,60.13
2026-09-30 13:08:39,Main Building,21.0,74,64.65
2026-09-30 14:08:39,Main Building,23.3,94,77.61
2026-09-30 15:08:39,Main Building,21.4,105,73.44
2026-09-30 16:08:39,Main Building,25.6,95,72.82
2026-09-30 17:08:39,Main Building,24.9,85,77.56
2026-09-30 18:08:39,Main Building,25.3,6,16.82
2026-09-30 19:08:39,Main Building,25.7,5,19.37
2026-09-30 20:08:39,Main Building,21.8,7,16.72
2026-09-30 21:08:39,Main Building,28.3,8,18.48
2026-09-30 22:08:39,Main Building,27.2,0,21.25
2026-09-30 23:08:39,Main Building,30.1,6,21.18
2026-10-01 00:08:39,Main Building,22.7,1,79.46
2026-10-01 01:08:39,Main Building,24.6,3,19.08
2026-10-01 02:08:39,Main Building,24.5,0,19.04
2026-10-01 03:08:39,Main Building,25.2,5,20.31
2026-10-01 04:08:39,Main Building,21.8,7,15.66
2026-10-01 05:08:39,Main Building,21.5,1,16.12
2026-10-01 06:08:39,Main Building,21.7,3,19.67
2026-10-01 07:08:39,Main Building,21.3,0,20.28
2026-10-01 08:08:39,Main Building,19.7,4,18.89
2026-10-01 09:08:39,Main Building,20.5,65,59.9
2026-10-01 10:08:39,Main Building,18.2,85,68.47
2026-10-01 11:08:39,Main Building,18.7,94,73.25
2026-10-01 12:08:39,Main Building,19.0,82,64.62
2026-10-01 13:08:39,Main Building,17.6,70,65.36
2026-10-01 14:08:39,Main Building,15.7,85,64.56
2026-10-01 15:08:39,Main Building,15.7,92,73.51
2026-10-01 16:08:39,Main Building,17.1,87,68.85
2026-10-01 17:08:39,Main Building,20.2,76,67.1
2026-10-01 18:08:39,Main Building,20.7,9,20.44
2026-10-01 19:08:39,Main Building,23.5,3,18.22
2026-10-01 20:08:39,Main Building,20.4,5,21.07
2026-10-01 21:08:39,Main Building,19.8,0,20.75
2026-10-01 22:08:39,Main Building,24.0,3,19.71
2026-10-01 23:08:39,Main Building,23.6,12,18.15
2026-10-02 00:08:39,Main Building,25.1,18,69.47
2026-10-02 01:08:39,Main Building,24.0,8,17.27
2026-10-02 02:08:39,Main Building,27.6,5,17.45
2026-10-02 03:08:39,Main Building,22.6,10,19.73
2026-10-02 04:08:39,Main Building,22.9,7,14.98
2026-10-02 05:08:39,Main Building,23.4,7,21.41
2026-10-02 06:08:39,Main Building,21.3,0,16.21
2026-10-02 07:08:39,Main Building,19.8,11,21.1
2026-10-02 08:08:39,Main Building,21.5,11,18.27
2026-10-02 09:08:39,Main Building,20.1,58,52.45
2026-10-02 10:08:39,Main Building,17.2,76,62.8
2026-10-02 11:08:39,Main Building,20.0,90,69.19
2026-10-02 12:08:39,Main Building,17.1,70,63.69
2026-10-02 13:08:39,Main Building,16.4,70,61.17
2026-10-02 14:08:39,Main Building,16.9,92,72.15
2026-10-02 15:08:39,Main Building,16.4,96,68.52
2026-10-02 16:08:39,Main Building,20.0,106,73.7
2026-10-02 17:08:39,Main Building,19.7,81,70.7
2026-10-02 18:08:39,Main Building,17.6,7,16.25
2026-10-02 19:08:39,Main Building,19.9,0,19.64
2026-10-02 20:08:39,Main Building,19.7,7,17.31
2026-10-02 21:08:39,Main Building,21.6,5,16.48
2026-10-02 22:08:39,Main Building,22.8,12,16.44
2026-10-02 23:08:39,Main Building,24.9,12,16.37
2026-10-03 00:08:39,Main Building,21.4,11,67.14
2026-10-03 01:08:39,Main Building,26.7,10,16.2
2026-10-03 02:08:39,Main Building,22.3,15,16.43
2026-10-03 03:08:39,Main Building,24.0,14,16.52
2026-10-03 04:08:39,Main Building,23.5,9,17.68
2026-10-03 05:08:39,Main Building,24.0,8,17.06
2026-10-03 06:08:39,Main Building,21.9,2,17.26
2026-10-03 07:08:39,Main Building,24.6,5,16.23
2026-10-03 08:08:39,Main Building,19.7,13,17.45
2026-10-03 09:08:39,Main Building,20.0,5,26.18
2026-10-03 10:08:39,Main Building,17.2,10,27.74
2026-10-03 11:08:39,Main Building,17.0,2,29.16
2026-10-03 12:08:39,Main Building,17.5,15,25.69
2026-10-03 13:08:39,Main Building,17.9,12,24.23
2026-10-03 14:08:39,Main Building,18.2,8,23.36
2026-10-03 15:08:39,Main Building,18.6,8,25.69
2026-10-03 16:08:39,Main Building,16.6,17,27.75
2026-10-03 17:08:39,Main Building,20.3,8,22.54
2026-10-03 18:08:39,Main Building,22.4,9,16.25
2026-10-03 19:08:39,Main Building,20.8,15,16.98
2026-10-03 20:08:39,Main Building,22.9,15,15.92
2026-10-03 21:08:39,Main Building,20.8,14,14.29
2026-10-03 22:08:39,Main Building,22.3,2,16.52
2026-10-03 23:08:39,Main Building,22.7,8,16.45
2026-10-04 00:08:39,Main Building,22.0,21,79.82
2026-10-04 01:08:39,Main Building,22.2,17,16.6
2026-10-04 02:08:39,Main Building,24.2,9,16.34
2026-10-04 03:08:39,Main Building,25.4,10,16.52
2026-10-04 04:08:39,Main Building,21.6,5,15.36
2026-10-04 05:08:39,Main Building,23.1,4,16.73
2026-10-04 06:08:39,Main Building,24.6,15,16.97
2026-10-04 07:08:39,Main Building,21.6,19,17.52
2026-10-04 08:08:39,Main Building,20.5,2,17.39
2026-10-04 09:08:39,Main Building,21.5,6,26.58
2026-10-04 10:08:39,Main Building,19.0,9,21.02
2026-10-04 11:08:39,Main Building,18.5,14,24.74
2026-10-04 12:08:39,Main Building,18.5,6,26.72
2026-10-04 13:08:39,Main Building,17.8,5,28.67
2026-10-04 14:08:39,Main Building,19.4,6,27.0
2026-10-04 15:08:39,Main Building,18.9,13,22.61
2026-10-04 16:08:39,Main Building,19.9,7,25.28
2026-10-04 17:08:39,Main Building,22.8,11,25.23
2026-10-04 18:08:39,Main Building,16.2,16,15.65
2026-10-04 19:08:39,Main Building,18.7,8,18.42
2026-10-04 20:08:39,Main Building,22.2,9,17.31
2026-10-04 21:08:39,Main Building,20.9,10,17.07
2026-10-04 22:08:39,Main Building,24.0,14,17.49
2026-10-04 23:08:39,Main Building,22.6,13,16.91
2026-10-05 00:08:39,Main Building,22.0,2,60.32
2026-10-05 01:08:39,Main Building,25.3,4,15.58
2026-10-05 02:08:39,Main Building,24.1,5,18.37
2026-10-05 03:08:39,Main Building,25.3,10,16.81
2026-10-05 04:08:39,Main Building,22.7,0,19.4
2026-10-05 05:08:39,Main Building,25.3,3,17.52
2026-10-05 06:08:39,Main Building,24.7,7,18.87
2026-10-05 07:08:39,Main Building,20.0,8,16.14
2026-10-05 08:08:39,Main Building,19.3,3,16.83
2026-10-05 09:08:39,Main Building,19.9,52,55.79
2026-10-05 10:08:39,Main Building,21.2,65,62.39
2026-10-05 11:08:39,Main Building,17.7,94,71.66
2026-10-05 12:08:39,Main Building,18.4,69,65.56
2026-10-05 13:08:39,Main Building,16.2,73,67.01
2026-10-05 14:08:39,Main Building,19.1,106,75.36
2026-10-05 15:08:39,Main Building,19.5,94,78.17
2026-10-05 16:08:39,Main Building,18.4,93,78.03
2026-10-05 17:08:39,Main Building,18.1,77,60.92
2026-10-05 18:08:39,Main Building,20.4,11,18.22
2026-10-05 19:08:39,Main Building,22.2,0,17.11
2026-10-05 20:08:39,Main Building,20.6,4,18.17
2026-10-05 21:08:39,Main Building,22.8,2,18.28
2026-10-05 22:08:39,Main Building,22.4,0,17.77
2026-10-05 23:08:39,Main Building,22.9,4,18.06
2026-10-06 00:08:39,Main Building,23.7,2,73.51
2026-10-06 01:08:39,Main Building,22.1,1,23.56
2026-10-06 02:08:39,Main Building,22.4,0,19.47
2026-10-06 03:08:39,Main Building,20.8,3,22.29
2026-10-06 04:08:39,Main Building,21.3,0,15.0
2026-10-06 05:08:39,Main Building,24.5,10,16.97
2026-10-06 06:08:39,Main Building,23.5,11,21.57
2026-10-06 07:08:39,Main Building,21.4,0,16.36
2026-10-06 08:08:39,Main Building,20.4,3,17.62
2026-10-06 09:08:39,Main Building,21.9,66,57.14
2026-10-06 10:08:39,Main Building,21.1,76,63.32
2026-10-06 11:08:39,Main Building,20.2,90,80.29
2026-10-06 12:08:39,Main Building,16.2,67,57.87
2026-10-06 13:08:39,Main Building,18.8,76,62.88
2026-10-06 14:08:39,Main Building,15.9,99,78.27
2026-10-06 15:08:39,Main Building,15.2,94,64.05
2026-10-06 16:08:39,Main Building,17.4,90,74.05
2026-10-06 17:08:39,Main Building,19.1,78,68.4
2026-10-06 18:08:39,Main Building,17.3,6,16.37
2026-10-06 19:08:39,Main Building,19.7,7,19.04
2026-10-06 20:08:39,Main Building,23.0,4,18.61
2026-10-06 21:08:39,Main Building,21.1,5,18.88
2026-10-06 22:08:39,Main Building,22.4,0,18.66
2026-10-06 23:08:39,Main Building,23.7,1,15.43
2026-10-07 00:08:39,Main Building,25.8,7,59.04
2026-10-07 01:08:39,Main Building,22.2,0,20.61
2026-10-07 02:08:39,Main Building,24.2,2,19.02
2026-10-07 03:08:39,Main Building,22.7,12,20.71
2026-10-07 04:08:39,Main Building,22.9,1,12.76
2026-10-07 05:08:39,Main Building,20.9,0,18.27
2026-10-07 06:08:39,Main Building,22.0,0,17.44
2026-10-07 07:08:39,Main Building,22.5,7,14.2
2026-10-07 08:08:39,Main Building,20.8,0,19.8
2026-10-07 09:08:39,Main Building,21.4,55,48.67
2026-10-07 10:08:39,Main Building,18.8,63,58.18
2026-10-07 11:08:39,Main Building,18.5,94,66.51
2026-10-07 12:08:39,Main Building,17.5,62,50.98
2026-10-07 13:08:39,Main Building,16.3,74,58.51
2026-10-07 14:08:39,Main Building,18.2,93,65.15
2026-10-07 15:08:39,Main Building,17.8,97,67.46
2026-10-07 16:08:39,Main Building,19.6,90,67.59
2026-10-07 17:08:39,Main Building,19.7,81,65.69
2026-10-07 18:08:39,Main Building,19.0,5,13.24
2026-10-07 19:08:39,Main Building,17.5,8,20.07
2026-10-07 20:08:39,Main Building,19.6,3,18.59
